Nombre,Url,País
Ophir Alviárez,https://es.wikipedia.org/wiki/Ophir_Alvi%C3%A1rez,Venezuela
Raiza Andrade,https://es.wikipedia.org/wiki/Raiza_Andrade,Venezuela
Laura Antillano,https://es.wikipedia.org/wiki/Laura_Antillano,Venezuela
Ana Rosa Angarita Trujillo,https://es.wikipedia.org/wiki/Ana_Rosa_Angarita_Trujillo,Venezuela
Vivian Abenshushan,https://es.wikipedia.org/wiki/Vivian_Abenshushan,México
Sylvia Aguilar Zéleny,https://es.wikipedia.org/wiki/Sylvia_Aguilar_Z%C3%A9leny,México
Yásnaya Elena Aguilar Gil,https://es.wikipedia.org/wiki/Y%C3%A1snaya_Aguilar,México
Flor Aguilera García,https://es.wikipedia.org/wiki/Flor_Aguilera,México
Gabriela Aguirre Sánchez,https://es.wikipedia.org/wiki/Gabriela_Aguirre_S%C3%A1nchez,México
Norma Alarcón,https://es.wikipedia.org/wiki/Norma_Alarc%C3%B3n,México
Orfa Alarcón,https://es.wikipedia.org/wiki/Orfa_Alarc%C3%B3n,México
Carmen Alardín,https://es.wikipedia.org/wiki/Carmen_Alard%C3%ADn,México
Aleida Violeta Vazquez Cisneros,https://es.wikipedia.org/wiki/Aleida_Violeta_Vazquez_Cisneros,México
María de Alva Levy,https://es.wikipedia.org/wiki/Mar%C3%ADa_de_Alva,México
Lorena Amkie Cheirif,https://es.wikipedia.org/wiki/Lorena_Amkie,México
Miréia Anieva,https://es.wikipedia.org/wiki/Mir%C3%A9ia_Anieva,México
Arminé Arjona,https://es.wikipedia.org/wiki/Armin%C3%A9_Arjona,México
Natalia Armienta Oikawa,https://es.wikipedia.org/wiki/Natalia_Armienta_Oikawa#Libros_y_cuentos,México
Verónica G. Arredondo,https://es.wikipedia.org/wiki/Ver%C3%B3nica_G._Arredondo,México
Isabel Arvide,https://es.wikipedia.org/wiki/Isabel_Arvide#Obras,México
Crista Aun,https://es.wikipedia.org/wiki/Crista_Aun,México
Carmen Ávila,https://es.wikipedia.org/wiki/Carmen_%C3%81vila,México
Marisa Avilés,https://es.wikipedia.org/wiki/Marisa_Avil%C3%A9s#Obras,México
Rowena Bali,https://es.wikipedia.org/wiki/Rowena_Bali,México
Yaroslabi Bañuelos,https://es.wikipedia.org/wiki/Yaroslabi_Ba%C3%B1uelos,México
Rosaura Barahona,https://es.wikipedia.org/wiki/Rosaura_Barahona,México
Karla Gabriela Barajas Ramos,https://es.wikipedia.org/wiki/Karla_Gabriela_Barajas_Ramos,México
María Baranda,https://es.wikipedia.org/wiki/Mar%C3%ADa_Baranda,México
Jazmina Barrera,https://es.wikipedia.org/wiki/Jazmina_Barrera,México
Reyna Barrera,https://es.wikipedia.org/wiki/Reyna_Barrera,México
Susana Bautista Cruz,https://es.wikipedia.org/wiki/Susana_Bautista_Cruz,México
Ruperta Bautista,https://es.wikipedia.org/wiki/Ruperta_Bautista,México
Rosa Beltrán,https://es.wikipedia.org/wiki/Rosa_Beltr%C3%A1n,México
Sabina Berman,https://es.wikipedia.org/wiki/Sabina_Berman,México
Liliana Blum,https://es.wikipedia.org/wiki/Liliana_Blum,México
Carmen Boullosa,https://es.wikipedia.org/wiki/Carmen_Boullosa,México
Fabienne Bradu,https://es.wikipedia.org/wiki/Fabienne_Bradu,México
Zelá Brambillé,https://es.wikipedia.org/wiki/Zel%C3%A1_Brambill%C3%A9,México
Mónica Braun,https://es.wikipedia.org/wiki/M%C3%B3nica_Braun,México
M. B. Brozon,https://es.wikipedia.org/wiki/M._B._Brozon,México
Maritza M. Buendía,https://es.wikipedia.org/wiki/Maritza_M._Buend%C3%ADa,México
Denisse Buendía,https://es.wikipedia.org/wiki/Denisse_Buend%C3%ADa,México
Lydia Cacho,https://es.wikipedia.org/wiki/Lydia_Cacho,México
Adela Calva Reyes,https://es.wikipedia.org/wiki/Adela_Calva_Reyes,México
Bibiana Camacho,https://es.wikipedia.org/wiki/Bibiana_Camacho,México
Julieta Campos,https://es.wikipedia.org/wiki/Julieta_Campos,México
Lorea Canales,https://es.wikipedia.org/wiki/Lorea_Canales#Obras,México
Kenia Cano,https://es.wikipedia.org/wiki/Kenia_Cano,México
Norma Elia Cantú,https://es.wikipedia.org/wiki/Norma_Elia_Cant%C3%BA#Algunas_publicaciones,México
Raquel Castro,https://es.wikipedia.org/wiki/Raquel_Castro_(escritora),México
Dolores Castro Varela,https://es.wikipedia.org/wiki/Dolores_Castro_Varela,México
Libia Brenda Castro,https://es.wikipedia.org/wiki/Libia_Brenda_Castro,México
Marisol Ceh Moo,https://es.wikipedia.org/wiki/Marisol_Ceh_Moo,México
Suzette Celaya Aguilar,https://es.wikipedia.org/wiki/Suzette_Celaya_Aguilar,México
Dahlia De La Cerda,https://es.wikipedia.org/wiki/Dahlia_De_La_Cerda,México
Karen Chacek,https://es.wikipedia.org/wiki/Karen_Chacek,México
Martha Chapa,https://es.wikipedia.org/wiki/Martha_Chapa,México
Andrea Chapela,https://es.wikipedia.org/wiki/Andrea_Chapela,México
Andrea Ciria,https://es.wikipedia.org/wiki/Andrea_Ciria,México
Jeannette L. Clariond,https://es.wikipedia.org/wiki/Jeannette_L._Clariond,México
Ana Clavel,https://es.wikipedia.org/wiki/Ana_Clavel,México
Esther Cohen,https://es.wikipedia.org/wiki/Esther_Cohen,México
Teresa del Conde,https://es.wikipedia.org/wiki/Teresa_del_Conde#Publicaciones,México
Rosina Conde,https://es.wikipedia.org/wiki/Rosina_Conde,México
Nadia Contreras,https://es.wikipedia.org/wiki/Nadia_Contreras,México
Pascuala Corona,https://es.wikipedia.org/wiki/Pascuala_Corona,México
Aurora Correa,https://es.wikipedia.org/wiki/Aurora_Correa,México
Elba Cortez Villapudua,https://es.wikipedia.org/wiki/Elba_Cortez_Villapudua,México
Nora Coss,https://es.wikipedia.org/wiki/Nora_Coss,México
Elsa Cross,https://es.wikipedia.org/wiki/Elsa_Cross,México
Petrona de la Cruz,https://es.wikipedia.org/wiki/Petrona_de_la_Cruz,México
Mireya Cueto,https://es.wikipedia.org/wiki/Mireya_Cueto,México
Antonia Cuevas Naranjo,https://es.wikipedia.org/wiki/Antonia_Cuevas_Naranjo,México
Briceida Cuevas,https://es.wikipedia.org/wiki/Briceida_Cuevas,México
Margarita Dalton,https://es.wikipedia.org/wiki/Margarita_Dalton#Publicaciones,México
Gabriela Damián Miravete,https://es.wikipedia.org/wiki/Gabriela_Dami%C3%A1n_Miravete,México
Amparo Dávila,https://es.wikipedia.org/wiki/Amparo_D%C3%A1vila,México
Marcela del Río,https://es.wikipedia.org/wiki/Marcela_del_R%C3%ADo,México
Adriana Díaz Enciso,https://es.wikipedia.org/wiki/Adriana_D%C3%ADaz_Enciso,México
Claudina Domingo,https://es.wikipedia.org/wiki/Claudina_Domingo,México
Isolda Dosamantes,https://es.wikipedia.org/wiki/Isolda_Dosamantes,México
Elisa Ramírez Castañeda,https://es.wikipedia.org/wiki/Elisa_Ram%C3%ADrez_Casta%C3%B1eda,México
Roxana Elvridge-Thomas,https://es.wikipedia.org/wiki/Roxana_Elvridge-Thomas,México
Jimena Eme Vázquez,https://es.wikipedia.org/wiki/Jimena_Eme_V%C3%A1zquez,México
María Amparo Escandón,https://es.wikipedia.org/wiki/Mar%C3%ADa_Amparo_Escand%C3%B3n,México
Beatriz Espejo,https://es.wikipedia.org/wiki/Beatriz_Espejo,México
Cecilia Eudave,https://es.wikipedia.org/wiki/Cecilia_Eudave,México
Carla Faesler,https://es.wikipedia.org/wiki/Carla_Faesler,México
Guadalupe Flores Liera,https://es.wikipedia.org/wiki/Guadalupe_Flores_Liera,México
Liliana Flores,https://es.wikipedia.org/wiki/Liliana_Flores,México
Ana García Bergua,https://es.wikipedia.org/wiki/Ana_Garc%C3%ADa_Bergua,México
Julieta García González,https://es.wikipedia.org/wiki/Julieta_Garc%C3%ADa_Gonz%C3%A1lez,México
Adriana García Roel,https://es.wikipedia.org/wiki/Adriana_Garc%C3%ADa_Roel,México
Elpidia García,https://es.wikipedia.org/wiki/Elpidia_Garc%C3%ADa,México
Esther M. García,https://es.wikipedia.org/wiki/Esther_M._Garc%C3%ADa,México
Verónica Gerber Bicecci,https://es.wikipedia.org/wiki/Ver%C3%B3nica_Gerber_Bicecci#Ensayo,México
Gloria Gervitz,https://es.wikipedia.org/wiki/Gloria_Gervitz#Obras,México
Margo Glantz,https://es.wikipedia.org/wiki/Margo_Glantz,México
Anamari Gomís,https://es.wikipedia.org/wiki/Anamari_Gom%C3%ADs,México
Reyna Grande,https://es.wikipedia.org/wiki/Reyna_Grande#Trabajo,México
Dina Grijalva,https://es.wikipedia.org/wiki/Dina_Grijalva,México
Sofía Guadarrama Collado,https://es.wikipedia.org/wiki/Sof%C3%ADa_Guadarrama_Collado,México
Clara del Carmen Guillén Torres,https://es.wikipedia.org/wiki/Clara_del_Carmen_Guill%C3%A9n,México
Claudia Hernández de Valle Arizpe,https://es.wikipedia.org/wiki/Claudia_Hern%C3%A1ndez_de_Valle_Arizpe,México
Malú Huacuja del Toro,https://es.wikipedia.org/wiki/Mal%C3%BA_Huacuja_del_Toro#Novela,México
Bárbara Jacobs,https://es.wikipedia.org/wiki/B%C3%A1rbara_Jacobs,México
Ana Lau Jaiven,https://es.wikipedia.org/wiki/Ana_Lau_Jaiven,México
Gabriela Jáuregui,https://es.wikipedia.org/wiki/Gabriela_J%C3%A1uregui,México
Miraceti Jiménez,https://es.wikipedia.org/wiki/Miraceti_Jim%C3%A9nez,México
Laia Jufresa,https://es.wikipedia.org/wiki/Laia_Jufresa,México
Anna Kullick Lackner,https://es.wikipedia.org/wiki/Anna_Kullick_Lackner,México
Norma Lazo,https://es.wikipedia.org/wiki/Norma_Lazo,México
Mónica Lavín,https://es.wikipedia.org/wiki/M%C3%B3nica_Lav%C3%ADn#Obras,México
Leonor Azcárate,https://es.wikipedia.org/wiki/Leonor_Azc%C3%A1rate,México
Valeria List,https://es.wikipedia.org/wiki/Valeria_List,México
Guadalupe Lizárraga,https://es.wikipedia.org/wiki/Guadalupe_Liz%C3%A1rraga,México
Anaí López,https://es.wikipedia.org/wiki/Ana%C3%AD_L%C3%B3pez,México
Nadia López García,https://es.wikipedia.org/wiki/Nadia_L%C3%B3pez_Garc%C3%ADa#Libros,México
Tedi López Mills,https://es.wikipedia.org/wiki/Tedi_L%C3%B3pez_Mills,México
Sandra Lorenzano,https://es.wikipedia.org/wiki/Sandra_Lorenzano,México
Lucía Rivadeneyra,https://es.wikipedia.org/wiki/Luc%C3%ADa_Rivadeneyra,México
Valeria Luiselli,https://es.wikipedia.org/wiki/Valeria_Luiselli,México
Lydiette Carrión,https://es.wikipedia.org/wiki/Lydiette_Carri%C3%B3n#Obras,México
Elva Macías,https://es.wikipedia.org/wiki/Elva_Mac%C3%ADas,México
Lourdes Macluf,https://es.wikipedia.org/wiki/Lourdes_Macluf,México
Velia Marmolejo Fat,https://es.wikipedia.org/wiki/Velia_Marmolejo_Fat,México
Blanca Mart,https://es.wikipedia.org/wiki/Blanca_Mart%C3%ADnez_Fern%C3%A1ndez,México
Ángeles Mastretta,https://es.wikipedia.org/wiki/%C3%81ngeles_Mastretta,México
Yolanda Matías,https://es.wikipedia.org/wiki/Yolanda_Mat%C3%ADas,México
Fernanda Melchor,https://es.wikipedia.org/wiki/Fernanda_Melchor,México
María Antonieta Mendívil,https://es.wikipedia.org/wiki/Mar%C3%ADa_Antonieta_Mend%C3%ADvil,México
Clyo Mendoza,https://es.wikipedia.org/wiki/Clyo_Mendoza,México
Beatriz Meyer,https://es.wikipedia.org/wiki/Beatriz_Meyer,México
Silvia Molina,https://es.wikipedia.org/wiki/Silvia_Molina#Obras,México
Ana Francis Mor,https://es.wikipedia.org/wiki/Ana_Francis_Mor#Publicaciones,México
Angelina Muñiz-Huberman,https://es.wikipedia.org/wiki/Angelina_Mu%C3%B1iz-Huberman,México
Verónica Murguía,https://es.wikipedia.org/wiki/Ver%C3%B3nica_Murgu%C3%ADa,México
Thelma Nava,https://es.wikipedia.org/wiki/Thelma_Nava,México
Queta Navagómez,https://es.wikipedia.org/wiki/Queta_Navag%C3%B3mez,México
Brenda Navarro,https://es.wikipedia.org/wiki/Brenda_Navarro,México
Mónica Nepote,https://es.wikipedia.org/wiki/M%C3%B3nica_Nepote,México
Guadalupe Nettel,https://es.wikipedia.org/wiki/Guadalupe_Nettel,México
Nirvana Paz,https://es.wikipedia.org/wiki/Nirvana_Paz,México
Keila Ochoa Harris,https://es.wikipedia.org/wiki/Keila_Ochoa_Harris,México
Margarita Oropeza,https://es.wikipedia.org/wiki/Margarita_Oropeza,México
Susana Pagano,https://es.wikipedia.org/wiki/Susana_Pagano,México
Mariana Palova,https://es.wikipedia.org/wiki/Mariana_Palova#Novela,México
Mirtha Luz Pérez,https://es.wikipedia.org/wiki/Mirtha_Luz_P%C3%A9rez,México
Aline Pettersson,https://es.wikipedia.org/wiki/Aline_Pettersson,México
Irma Pineda,https://es.wikipedia.org/wiki/Irma_Pineda,México
Gabriela Puente,https://es.wikipedia.org/wiki/Gabriela_Puente,México
María Luisa Puga,https://es.wikipedia.org/wiki/Mar%C3%ADa_Luisa_Puga,México
Patricia Quintanar,https://es.wikipedia.org/wiki/Patricia_Quintanar,México
Daniela Rea,https://es.wikipedia.org/wiki/Daniela_Rea,México
Claudia Reina,https://es.wikipedia.org/wiki/Claudia_Reina,México
Ana Matías Rendón,https://es.wikipedia.org/wiki/Ana_Mat%C3%ADas_Rend%C3%B3n,México
Minerva Reynosa,https://es.wikipedia.org/wiki/Minerva_Reynosa,México
Gilda Rincón,https://es.wikipedia.org/wiki/Gilda_Rinc%C3%B3n,México
Brenda Ríos,https://es.wikipedia.org/wiki/Brenda_R%C3%ADos,México
Martha Riva Palacio Obón,https://es.wikipedia.org/wiki/Martha_Riva_Palacio_Ob%C3%B3n,México
Marisol Patricia Rivas Castillo,https://es.wikipedia.org/wiki/Marisol_Patricia_Rivas_Castillo,México
Beatriz Rivas,https://es.wikipedia.org/wiki/Beatriz_Rivas,México
Cristina Rivera Garza,https://es.wikipedia.org/wiki/Cristina_Rivera_Garza,México
Gabriela Riveros Elizondo,https://es.wikipedia.org/wiki/Gabriela_Riveros_Elizondo,México
Xitlálitl Rodríguez Mendoza,https://es.wikipedia.org/wiki/Xitl%C3%A1litl_Rodr%C3%ADguez_Mendoza,México
Aniela Rodríguez,https://es.wikipedia.org/wiki/Aniela_Rodr%C3%ADguez,México
Rosamaría Roffiel,https://es.wikipedia.org/wiki/Rosamar%C3%ADa_Roffiel,México
Cecilia Berenice Rojas García,https://es.wikipedia.org/wiki/Cecilia_Berenice_Rojas_Garc%C3%ADa,México
Norma Román Calvo,https://es.wikipedia.org/wiki/Norma_Rom%C3%A1n_Calvo,México
Gabriela Román,https://es.wikipedia.org/wiki/Gabriela_Rom%C3%A1n,México
Rosario Sanmiguel,https://es.wikipedia.org/wiki/Rosario_Sanmiguel,México
Yelitza Ruiz,https://es.wikipedia.org/wiki/Yelitza_Ruiz,México
Mikeas Sánchez,https://es.wikipedia.org/wiki/Mikeas_S%C3%A1nchez,México
Daimary Sánchez Moreno,https://es.wikipedia.org/wiki/Daimary_S%C3%A1nchez_Moreno,México
Celerina Patricia Sánchez Santiago,https://es.wikipedia.org/wiki/Celerina_Patricia_S%C3%A1nchez_Santiago,México
Alma Karla Sandoval,https://es.wikipedia.org/wiki/Alma_Karla_Sandoval,México
Sara Uribe,https://es.wikipedia.org/wiki/Sara_Uribe_S%C3%A1nchez,México
Sara Sefchovich,https://es.wikipedia.org/wiki/Sara_Sefchovich,México
Yolanda Segura,https://es.wikipedia.org/wiki/Yolanda_Segura,México
Esther Seligson,https://es.wikipedia.org/wiki/Esther_Seligson,México
Silvia González Delgado,https://es.wikipedia.org/wiki/Silvia_Gonz%C3%A1lez_Delgado,México
Tessie Solinís Casparius,https://es.wikipedia.org/wiki/Tessie_Solin%C3%ADs_Casparius,México
Marcela Solís-Quiroga,https://es.wikipedia.org/wiki/Marcela_Sol%C3%ADs-Quiroga,México
Adriana Tafoya,https://es.wikipedia.org/wiki/Adriana_Tafoya,México
Altaír Tejeda de Tamez,https://es.wikipedia.org/wiki/Alta%C3%ADr_Tejeda_de_Tamez,México
Olivia Teroba,https://es.wikipedia.org/wiki/Olivia_Teroba#Obras,México
Natalia Toledo,https://es.wikipedia.org/wiki/Natalia_Toledo_Paz,México
Socorro Trejo Sirvent,https://es.wikipedia.org/wiki/Socorro_Trejo_Sirvent,México
Lourdes Urrea,https://es.wikipedia.org/wiki/Lourdes_Urrea,México
Tita Valencia,https://es.wikipedia.org/wiki/Tita_Valencia#Obra,México
Ana María Vázquez,https://es.wikipedia.org/wiki/Ana_Mar%C3%ADa_V%C3%A1zquez,México
Socorro Venegas,https://es.wikipedia.org/wiki/Socorro_Venegas,México
Adriana Ventura,https://es.wikipedia.org/wiki/Adriana_Ventura,México
Marisol Vera Guerra,https://es.wikipedia.org/wiki/Marisol_Vera_Guerra,México
Minerva Margarita Villarreal,https://es.wikipedia.org/wiki/Minerva_Margarita_Villarreal#Poes%C3%ADa,México
Karen Villeda,https://es.wikipedia.org/wiki/Karen_Villeda#Publicaciones,México
Verónica Volkow Fernández,https://es.wikipedia.org/wiki/Ver%C3%B3nica_Volkow#Premios,México
Lucía Yépez,https://es.wikipedia.org/wiki/Luc%C3%ADa_Y%C3%A9pez,México
María Luisa Zorrilla Abascal,https://es.wikipedia.org/wiki/Mar%C3%ADa_Luisa_Zorrilla_Abascal,México
Margit Frenk,https://es.wikipedia.org/wiki/Margit_Frenk,México
Inés Arredondo,https://es.wikipedia.org/wiki/In%C3%A9s_Arredondo,México
Elena Garro,https://es.wikipedia.org/wiki/Elena_Garro,México
Camila Sosa Villada,https://es.wikipedia.org/wiki/Camila_Sosa_Villada,Argentina
Florencia Abbate,https://es.wikipedia.org/wiki/Florencia_Abbate#Publicaciones,Argentina
Beatriz Actis,https://es.wikipedia.org/wiki/Beatriz_Actis#Literatura_para_adultos,Argentina
Selva Almada,https://es.wikipedia.org/wiki/Selva_Almada,Argentina
María Cristina Alonso,https://es.wikipedia.org/wiki/Mar%C3%ADa_Cristina_Alonso,Argentina
Chuny Anzorreguy,https://es.wikipedia.org/wiki/Chuny_Anzorreguy,Argentina
Graciela Aráoz,https://es.wikipedia.org/wiki/Graciela_Ar%C3%A1oz#Obras,Argentina
María Alejandra Araya,https://es.wikipedia.org/wiki/Mar%C3%ADa_Alejandra_Araya,Argentina
Ana Arzoumanian,https://es.wikipedia.org/wiki/Ana_Arzoumanian,Argentina
Judith Astelarra,https://es.wikipedia.org/wiki/Judith_Astelarra,Argentina
Lohana Berkins,https://es.wikipedia.org/wiki/Lohana_Berkins#Obras,Argentina
Alicia Borinsky,https://es.wikipedia.org/wiki/Alicia_Borinsky,Argentina
Valeria Correa Fiz,https://es.wikipedia.org/wiki/Valeria_Correa_Fiz,Argentina
Mariana Enríquez,https://es.wikipedia.org/wiki/Mariana_Enr%C3%ADquez,Argentina
Fernanda García Lao,https://es.wikipedia.org/wiki/Fernanda_Garc%C3%ADa_Lao,Argentina
María Inés Garibaldi,https://es.wikipedia.org/wiki/Mar%C3%ADa_In%C3%A9s_Garibaldi,Argentina
Angélica Gorodischer,https://es.wikipedia.org/wiki/Ang%C3%A9lica_Gorodischer,Argentina
Alicia Jurado,https://es.wikipedia.org/wiki/Alicia_Jurado#Obra,Argentina
Alicia Kozameh,https://es.wikipedia.org/wiki/Alicia_Kozameh,Argentina
María Inés Krimer,https://es.wikipedia.org/wiki/Mar%C3%ADa_In%C3%A9s_Krimer,Argentina
Sandra Lorenzano,https://es.wikipedia.org/wiki/Sandra_Lorenzano,Argentina
Alma Maritano,https://es.wikipedia.org/wiki/Alma_Maritano,Argentina
Julia Morilla de Campbell,https://es.wikipedia.org/wiki/Julia_Morilla_de_Campbell,Argentina
Ana Ojeda,https://es.wikipedia.org/wiki/Ana_Ojeda,Argentina
Elvira Orphée,https://es.wikipedia.org/wiki/Elvira_Orph%C3%A9e,Argentina
Mirta Rosenberg,https://es.wikipedia.org/wiki/Mirta_Rosenberg,Argentina
Samanta Schweblin,https://es.wikipedia.org/wiki/Samanta_Schweblin,Argentina
Sandra Siemens,https://es.wikipedia.org/wiki/Sandra_Siemens,Argentina
Nora Aubone de de la Torre,https://es.wikipedia.org/wiki/Nora_Aubone_de_de_la_Torre,Argentina
Paulina Vinderman,https://es.wikipedia.org/wiki/Paulina_Vinderman,Argentina
Ema Wolf,https://es.wikipedia.org/wiki/Ema_Wolf,Argentina
Marina Yuszczuk,https://es.wikipedia.org/wiki/Marina_Yuszczuk,Argentina
Ana María Shua,https://es.wikipedia.org/wiki/Ana_Mar%C3%ADa_Shua,Argentina
Alejandra Pizarnik,https://es.wikipedia.org/wiki/Alejandra_Pizarnik,Argentina
Luisa Valenzuela,https://es.wikipedia.org/wiki/Luisa_Valenzuela,Argentina
María Gainza,https://es.wikipedia.org/wiki/Mar%C3%ADa_Gainza,Argentina
Ariana Harwicz,https://es.wikipedia.org/wiki/Ariana_Harwicz,Argentina
Liliana Villanueva,https://es.wikipedia.org/wiki/Liliana_Villanueva#Obra,Argentina
Gabriela Cabezón Cámara,https://es.wikipedia.org/wiki/Gabriela_Cabez%C3%B3n_C%C3%A1mara,Argentina
Inés Garland,https://es.wikipedia.org/wiki/In%C3%A9s_Garland,Argentina
Leila Guerriero,https://es.wikipedia.org/wiki/Leila_Guerriero,Argentina
Liliana Heker,https://es.wikipedia.org/wiki/Liliana_Heker,Argentina
Claudia Piñeiro,https://es.wikipedia.org/wiki/Claudia_Pi%C3%B1eiro#Obra,Argentina
Narcisa Amália,https://es.wikipedia.org/wiki/Narcisa_Am%C3%A1lia,Brasil
Ana Arruda Callado,https://es.wikipedia.org/wiki/Ana_Arruda_Callado#Literatura,Brasil
Patrícia Barboza,https://es.wikipedia.org/wiki/Patr%C3%ADcia_Barboza,Brasil
Lúcia Benedetti,https://es.wikipedia.org/wiki/L%C3%BAcia_Benedetti,Brasil
Laura Bergallo,https://es.wikipedia.org/wiki/Laura_Bergallo#Obra,Brasil
Natalia Borges Polesso,https://es.wikipedia.org/wiki/Natalia_Borges_Polesso,Brasil
Eliane Brum,https://es.wikipedia.org/wiki/Eliane_Brum,Brasil
Astrid Cabral,https://es.wikipedia.org/wiki/Astrid_Cabral,Brasil
Maria Helena Cardoso,https://es.wikipedia.org/wiki/Maria_Helena_Cardoso_(escritora),Brasil
Maria Cristina Cavalcanti de Albuquerque,https://es.wikipedia.org/wiki/Maria_Cristina_Cavalcanti_de_Albuquerque#Literatura,Brasil
Ana Cristina Cesar,https://es.wikipedia.org/wiki/Ana_Cristina_Cesar,Brasil
Marina Colasanti,https://es.wikipedia.org/wiki/Marina_Colasanti#Obra,Brasil
Cora Coralina,https://es.wikipedia.org/wiki/Cora_Coralina,Brasil
Maria Luísa Cordeiro,https://es.wikipedia.org/wiki/Maria_Lu%C3%ADsa_Cordeiro,Brasil
Lia Correia Dutra,https://es.wikipedia.org/wiki/Lia_Correia_Dutra,Brasil
Wanda Cristina,https://es.wikipedia.org/wiki/Wanda_Cristina,Brasil
Julieta de Godoy Ladeira,https://es.wikipedia.org/wiki/Julieta_de_Godoy_Ladeira,Brasil
Antonieta Dias de Moraes,https://es.wikipedia.org/wiki/Antonieta_Dias_de_Moraes,Brasil
Maria José Dupré,https://es.wikipedia.org/wiki/Maria_Jos%C3%A9_Dupr%C3%A9,Brasil
Ângela Dutra de Menezes,https://es.wikipedia.org/wiki/%C3%82ngela_Dutra_de_Menezes,Brasil
Conceição Evaristo,https://es.wikipedia.org/wiki/Concei%C3%A7%C3%A3o_Evaristo,Brasil
Lygia Fagundes Telles,https://es.wikipedia.org/wiki/Lygia_Fagundes_Telles,Brasil
Tânia Faillace,https://es.wikipedia.org/wiki/T%C3%A2nia_Faillace,Brasil
Ondina Ferreira,https://es.wikipedia.org/wiki/Ondina_Ferreira,Brasil
Eva Furnari,https://es.wikipedia.org/wiki/Eva_Furnari,Brasil
Zélia Gattai,https://es.wikipedia.org/wiki/Z%C3%A9lia_Gattai,Brasil
Ana Maria Gonçalves,https://es.wikipedia.org/wiki/Ana_Maria_Gon%C3%A7alves,Brasil
Geni Guimarães,https://es.wikipedia.org/wiki/Geni_Guimar%C3%A3es,Brasil
Carolina Maria de Jesus,https://es.wikipedia.org/wiki/Carolina_Maria_de_Jesus#Obra,Brasil
Hilda Koller,https://es.wikipedia.org/wiki/Hilda_Koller,Brasil
Ângela Lago,https://es.wikipedia.org/wiki/%C3%82ngela_Lago,Brasil
Anilda Leão,https://es.wikipedia.org/wiki/Anilda_Le%C3%A3o,Brasil
Elsie Lessa,https://es.wikipedia.org/wiki/Elsie_Lessa,Brasil
Adriana Lisboa,https://es.wikipedia.org/wiki/Adriana_Lisboa#Obras_publicadas,Brasil
Clarice Lispector,https://es.wikipedia.org/wiki/Clarice_Lispector,Brasil
Elisa Lispector,https://es.wikipedia.org/wiki/Elisa_Lispector,Brasil
Anésia de Andrade Lourenção,https://es.wikipedia.org/wiki/An%C3%A9sia_de_Andrade_Louren%C3%A7%C3%A3o,Brasil
Constança Lucas,https://es.wikipedia.org/wiki/Constan%C3%A7a_Lucas,Brasil
Lya Fett Luft,https://es.wikipedia.org/wiki/Lya_Luft#Obra,Brasil
Ana Paula Maia,https://es.wikipedia.org/wiki/Ana_Paula_Maia,Brasil
Tânia Martins,https://es.wikipedia.org/wiki/T%C3%A2nia_Martins,Brasil
Maria Lúcia Medeiros,https://es.wikipedia.org/wiki/Maria_L%C3%BAcia_Medeiros,Brasil
Cecília Meireles,https://es.wikipedia.org/wiki/Cec%C3%ADlia_Meireles#Obra,Brasil
Lenita Miranda de Figueiredo,https://es.wikipedia.org/wiki/Lenita_Miranda_de_Figueiredo,Brasil
Ana Miranda,https://es.wikipedia.org/wiki/Ana_Miranda_(actriz)#Libros_publicados,Brasil
Adalgisa Nery,https://es.wikipedia.org/wiki/Adalgisa_Nery#Obras[2]%E2%80%8B,Brasil
Maria Marly de Oliveira,https://es.wikipedia.org/wiki/Maria_Marly_de_Oliveira,Brasil
Pagu,https://es.wikipedia.org/wiki/Pagu,Brasil
Alina Paim,https://es.wikipedia.org/wiki/Alina_Paim,Brasil
Marialzira Perestrello,https://es.wikipedia.org/wiki/Marialzira_Perestrello,Brasil
Anita Philipovski,https://es.wikipedia.org/wiki/Anita_Philipovski,Brasil
Valéria Piassa Polizzi,https://es.wikipedia.org/wiki/Val%C3%A9ria_Piassa_Polizzi,Brasil
Nélida Piñón,https://es.wikipedia.org/wiki/N%C3%A9lida_Pi%C3%B1%C3%B3n,Brasil
Adélia Prado,https://es.wikipedia.org/wiki/Ad%C3%A9lia_Prado,Brasil
Rachel de Queiroz,https://es.wikipedia.org/wiki/Rachel_de_Queiroz,Brasil
Ruth Rocha,https://es.wikipedia.org/wiki/Ruth_Rocha,Brasil
Alice Sant’Anna,https://es.wikipedia.org/wiki/Alice_Sant%E2%80%99Anna,Brasil
Miêtta Santiago,https://es.wikipedia.org/wiki/Mi%C3%AAtta_Santiago,Brasil
Heloísa Seixas,https://es.wikipedia.org/wiki/Helo%C3%ADsa_Seixas,Brasil
Diná Silveira de Queirós,https://es.wikipedia.org/wiki/Din%C3%A1_Silveira_de_Queir%C3%B3s,Brasil
Helena Silveira,https://es.wikipedia.org/wiki/Helena_Silveira,Brasil
Maria de Lourdes Teixeira,https://es.wikipedia.org/wiki/Maria_de_Lourdes_Teixeira,Brasil
Márcia Tiburi,https://es.wikipedia.org/wiki/M%C3%A1rcia_Tiburi,Brasil
Adélia Maria Woellner,https://es.wikipedia.org/wiki/Ad%C3%A9lia_Maria_Woellner,Brasil
Angélica Freitas,https://es.wikipedia.org/wiki/Angelica_Freitas,Brasil
Carola Saavedra,https://pt.wikipedia.org/wiki/Carola_Saavedra,Brasil
Maria Valéria Rezende,https://pt.wikipedia.org/wiki/Maria_Val%C3%A9ria_Rezende,Brasil
Jarid Arraes,https://pt.wikipedia.org/wiki/Jarid_Arraes#Lista_de_obras,Brasil
Elvira Vigna,https://pt.wikipedia.org/wiki/Elvira_Vigna,Brasil
Luisa Geisler,https://pt.wikipedia.org/wiki/Luisa_Geisler,Brasil
Veronica Stigger,https://pt.wikipedia.org/wiki/Veronica_Stigger,Brasil
Andréa del Fuego,https://pt.wikipedia.org/wiki/Andr%C3%A9a_del_Fuego,Brasil
Aline Bei,https://pt.wikipedia.org/wiki/Aline_Bei,Brasil
Márcia Tiburi,https://pt.wikipedia.org/wiki/Marcia_Tiburi,Brasil
Elisa Lucinda,https://pt.wikipedia.org/wiki/Elisa_Lucinda,Brasil
Vanessa Barbara,https://pt.wikipedia.org/wiki/Vanessa_Barbara,Brasil
Patrícia Melo,https://pt.wikipedia.org/wiki/Patr%C3%ADcia_Melo,Brasil
Débora Ferraz,https://pt.wikipedia.org/wiki/D%C3%A9bora_Ferraz,Brasil
Noemi Jaffe,https://pt.wikipedia.org/wiki/Noemi_Jaffe,Brasil
Aline Valek,https://pt.wikipedia.org/wiki/Aline_Valek,Brasil
Ana Rüsche,https://pt.wikipedia.org/wiki/Ana_R%C3%BCsche,Brasil
Luci Collin,https://pt.wikipedia.org/wiki/Luci_Collin,Brasil
Carol Bensimon,https://pt.wikipedia.org/wiki/Carol_Bensimon,Brasil
Tatiana Salem Levy,https://pt.wikipedia.org/wiki/Tatiana_Salem_Levy,Brasil
Ana Martins Marques,https://pt.wikipedia.org/wiki/Ana_Martins_Marques,Brasil
Cristiane Sobral,https://pt.wikipedia.org/wiki/Cristiane_Sobral,Brasil
Clara Averbuck,https://pt.wikipedia.org/wiki/Clara_Averbuck#Obras_publicadas,Brasil
Socorro Acioli,https://pt.wikipedia.org/wiki/Socorro_Acioli,Brasil
Ophir Alviárez,https://es.wikipedia.org/wiki/Ophir_Alvi%C3%A1rez,Venezuela
Raiza Andrade,https://es.wikipedia.org/wiki/Raiza_Andrade,Venezuela
Laura Antillano,https://es.wikipedia.org/wiki/Laura_Antillano,Venezuela
Jean Aristeguieta,https://es.wikipedia.org/wiki/Jean_Aristeguieta,Venezuela
Edda Armas,https://es.wikipedia.org/wiki/Edda_Armas,Venezuela
Carmen Verde Arocha,https://es.wikipedia.org/wiki/Carmen_Verde_Arocha,Venezuela
Enriqueta Arvelo Larriva,https://es.wikipedia.org/wiki/Enriqueta_Arvelo_Larriva,Venezuela
Mariela Arvelo,https://es.wikipedia.org/wiki/Mariela_Arvelo,Venezuela
Michaelle Ascencio,https://es.wikipedia.org/wiki/Michaelle_Ascencio,Venezuela
Higinia Bartolomé del Álamo,https://es.wikipedia.org/wiki/Higinia_Bartolom%C3%A9_del_%C3%81lamo,Venezuela
Margarita Belandria,https://es.wikipedia.org/wiki/Margarita_Belandria,Venezuela
Alegría Bendayán de Bendelac,https://es.wikipedia.org/wiki/Alegr%C3%ADa_Benday%C3%A1n_de_Bendelac,Venezuela
Krina Ber,https://es.wikipedia.org/wiki/Krina_Ber,Venezuela
Virginia Betancourt Valverde,https://es.wikipedia.org/wiki/Virginia_Betancourt_Valverde,Venezuela
María Calcaño,https://es.wikipedia.org/wiki/Mar%C3%ADa_Calca%C3%B1o,Venezuela
Sonia Chocrón,https://es.wikipedia.org/wiki/Sonia_Chocr%C3%B3n,Venezuela
Silda Cordoliani,https://es.wikipedia.org/wiki/Silda_Cordoliani,Venezuela
Virginia Cosin,https://es.wikipedia.org/wiki/Virginia_Cosin,Venezuela
Inés de Cuevas,https://es.wikipedia.org/wiki/In%C3%A9s_de_Cuevas,Venezuela
Victoria De Stefano,https://es.wikipedia.org/wiki/Victoria_De_Stefano,Venezuela
Florinda Donner,https://es.wikipedia.org/wiki/Florinda_Donner,Venezuela
María Antonieta Flores,https://es.wikipedia.org/wiki/Mar%C3%ADa_Antonieta_Flores,Venezuela
Mercedes Franco,https://es.wikipedia.org/wiki/Mercedes_Franco,Venezuela
Alicia Freilich,https://es.wikipedia.org/wiki/Alicia_Freilich,Venezuela
Virginia Gil de Hermoso,https://es.wikipedia.org/wiki/Virginia_Gil_de_Hermoso,Venezuela
Jacqueline Goldberg,https://es.wikipedia.org/wiki/Jacqueline_Goldberg,Venezuela
Iliana Gómez Berbesí,https://es.wikipedia.org/wiki/Iliana_G%C3%B3mez_Berbes%C3%AD,Venezuela
Ida Gramcko,https://es.wikipedia.org/wiki/Ida_Gramcko,Venezuela
Moraima Guanipa,https://es.wikipedia.org/wiki/Moraima_Guanipa,Venezuela
Rowena Hill,https://es.wikipedia.org/wiki/Rowena_Hill,Venezuela
Kira Kariakin,https://es.wikipedia.org/wiki/Kira_Kariakin,Venezuela
Gabriela Kizer,https://es.wikipedia.org/wiki/Gabriela_Kizer,Venezuela
Mireya Kríspin,https://es.wikipedia.org/wiki/Mireya_Kr%C3%ADspin,Venezuela
Astrid Lander,https://es.wikipedia.org/wiki/Astrid_Lander,Venezuela
Elisa Lerner,https://es.wikipedia.org/wiki/Elisa_Lerner,Venezuela
María Luisa Lázzaro,https://es.wikipedia.org/wiki/Mar%C3%ADa_Luisa_L%C3%A1zzaro,Venezuela
Olga Luzardo,https://es.wikipedia.org/wiki/Olga_Luzardo,Venezuela
Luz Machado,https://es.wikipedia.org/wiki/Luz_Machado,Venezuela
Leila Macor,https://es.wikipedia.org/wiki/Leila_Macor,Venezuela
Modesta Sanginés Uriarte,https://es.wikipedia.org/wiki/Modesta_Sangin%C3%A9s_Uriarte,Bolivia
Sisinia Anze Terán,https://es.wikipedia.org/wiki/Sisinia_Anze_Ter%C3%A1n,Bolivia
María Cristina Trigo Viaña,https://es.wikipedia.org/wiki/Mar%C3%ADa_Cristina_Trigo,Bolivia
Sara Ugarte Quiroga de Salamanca,https://es.wikipedia.org/wiki/Sara_Ugarte_de_Salamanca,Bolivia
Camila Urioste Laborde,https://es.wikipedia.org/wiki/Camila_Urioste,Bolivia
Julia Urquidi Illanes,https://es.wikipedia.org/wiki/Julia_Urquidi_Illanes,Bolivia
Gaby Vallejo Canedo,https://es.wikipedia.org/wiki/Gaby_Vallejo_Canedo,Bolivia
Mónica Velásquez Guzmán,https://es.wikipedia.org/wiki/M%C3%B3nica_Vel%C3%A1squez,Bolivia
María Virginia Estenssoro,https://es.wikipedia.org/wiki/Mar%C3%ADa_Virginia_Estenssoro,Bolivia
Blanca Wiethüchter López,https://es.wikipedia.org/wiki/Blanca_Wieth%C3%BCchter,Bolivia
Adela Zamudio Rivero,https://es.wikipedia.org/wiki/Adela_Zamudio,Bolivia
Norah Zapata Prill,https://es.wikipedia.org/wiki/Norah_Zapata_Prill,Bolivia
Guely Julieta Zurita Cavero,https://es.wikipedia.org/wiki/Julieta_Zurita_Cavero,Bolivia
Lindaura Anzoátegui Campero,https://es.wikipedia.org/wiki/Lindaura_Anzo%C3%A1tegui_Campero,Bolivia
Magela Baudoin,https://es.wikipedia.org/wiki/Magela_Baudoin,Bolivia
Alcira Cardona Torrico,https://es.wikipedia.org/wiki/Alcira_Cardona_Torrico,Bolivia
Matilde Casazola Mendoza,https://es.wikipedia.org/wiki/Matilde_Casazola,Bolivia
Liliana Colanzi Serrate,https://es.wikipedia.org/wiki/Liliana_Colanzi,Bolivia
Aida Gainsborg,https://es.wikipedia.org/wiki/Aida_Gainsborg_vda._de_Aguirre,Bolivia
Carolina Hoz de Vila,https://es.wikipedia.org/wiki/Carolina_Hoz_de_Vila,Bolivia
Isabel Mesa de Inchauste,https://es.wikipedia.org/wiki/Isabel_Mesa_de_Inchauste,Bolivia
Asunta Limpias de Parada,https://es.wikipedia.org/wiki/Asunta_Limpias_de_Parada,Bolivia
Verónica Linares Perou,https://es.wikipedia.org/wiki/Ver%C3%B3nica_Linares_Perou,Bolivia
Paz Nery Nava Bohorquez,https://es.wikipedia.org/wiki/Paz_Nery_Nava,Bolivia
Verónica Ormachea Gutiérrez,https://es.wikipedia.org/wiki/Ver%C3%B3nica_Ormachea_Guti%C3%A9rrez,Bolivia
Francisca Natalia Palacios Gutiérrez,https://es.wikipedia.org/wiki/Natalia_Palacios,Bolivia
Giovanna Rivero,https://es.wikipedia.org/wiki/Giovanna_Rivero,Bolivia
Ana María de las Nieves Romero Pringle,https://es.wikipedia.org/wiki/Ana_Mar%C3%ADa_Romero,Bolivia
Lupe Cajías,https://es.wikipedia.org/wiki/Lupe_Caj%C3%ADas,Bolivia
Marjorie Agosín,https://es.wikipedia.org/wiki/Marjorie_Agos%C3%ADn,Chile
María Isidora Ignacia Aguirre Tupper,https://es.wikipedia.org/wiki/Isidora_Aguirre,Chile
Margarita Aguirre,https://es.wikipedia.org/wiki/Margarita_Aguirre,Chile
María Elena Aldunate Bezanilla,https://es.wikipedia.org/wiki/Elena_Aldunate,Chile
"María Teresa ""Maité"" Allamand Madaune",https://es.wikipedia.org/wiki/Mait%C3%A9_Allamand,Chile
Isabel Angélica Allende Llona,https://es.wikipedia.org/wiki/Isabel_Allende,Chile
Anne-Marie Alonzo,https://es.wikipedia.org/wiki/Anne-Marie_Alonzo,Chile
Anitza Castelletto Kirby,https://es.wikipedia.org/wiki/Anitza,Chile
Claudia Apablaza,https://es.wikipedia.org/wiki/Claudia_Apablaza,Chile
Rossana Hasson,https://es.wikipedia.org/wiki/Rossana_Arellano,Chile
Marina Arrate Palma,https://es.wikipedia.org/wiki/Marina_Arrate,Chile
Carmen Arriagada,https://es.wikipedia.org/wiki/Carmen_Arriagada,Chile
Beatriz Mendoza Sagarzazu,https://es.wikipedia.org/wiki/Beatriz_Mendoza_Sagarzazu,Venezuela
Michelle Roche Rodríguez,https://es.wikipedia.org/wiki/Michelle_Roche_Rodr%C3%ADguez,Venezuela
Mónica Montañés,https://es.wikipedia.org/wiki/M%C3%B3nica_Monta%C3%B1%C3%A9s,Venezuela
Xiomara Moreno,https://es.wikipedia.org/wiki/Xiomara_Moreno,Venezuela
Stefania Mosca,https://es.wikipedia.org/wiki/Stefania_Mosca,Venezuela
Ana Nuño,https://es.wikipedia.org/wiki/Ana_Nu%C3%B1o,Venezuela
Hanni Ossott,https://es.wikipedia.org/wiki/Hanni_Ossott,Venezuela
Indira Páez,https://es.wikipedia.org/wiki/Indira_P%C3%A1ez,Venezuela
Yolanda Pantin,https://es.wikipedia.org/wiki/Yolanda_Pantin,Venezuela
Esdras Parra,https://es.wikipedia.org/wiki/Esdras_Parra,Venezuela
Teresa de la Parra,https://es.wikipedia.org/wiki/Teresa_de_la_Parra,Venezuela
Carmen Peire,https://es.wikipedia.org/wiki/Carmen_Peire,Venezuela
Ada Pérez Guevara,https://es.wikipedia.org/wiki/Ada_P%C3%A9rez_Guevara,Venezuela
Ana María del Re,https://es.wikipedia.org/wiki/Ana_Mar%C3%ADa_del_Re,Venezuela
Graciela Rincón Calcaño,https://es.wikipedia.org/wiki/Graciela_Rinc%C3%B3n_Calca%C3%B1o,Venezuela
Emira Rodríguez,https://es.wikipedia.org/wiki/Emira_Rodr%C3%ADguez,Venezuela
Flor Roffé de Estévez,https://es.wikipedia.org/wiki/Flor_Roff%C3%A9_de_Est%C3%A9vez,Venezuela
Pilar Romero,https://es.wikipedia.org/wiki/Pilar_Romero,Venezuela
Naida Saavedra,https://es.wikipedia.org/wiki/Naida_Saavedra,Venezuela
Nery Santos Gómez,https://es.wikipedia.org/wiki/Nery_Santos_G%C3%B3mez,Venezuela
Elizabeth Schön,https://es.wikipedia.org/wiki/Elizabeth_Sch%C3%B6n,Venezuela
Isbelia Sequera Tamayo,https://es.wikipedia.org/wiki/Isbelia_Sequera_Tamayo,Venezuela
Milagros Socorro,https://es.wikipedia.org/wiki/Milagros_Socorro,Venezuela
Mariana Libertad Suárez,https://es.wikipedia.org/wiki/Mariana_Libertad_Su%C3%A1rez,Venezuela
Susana Sussmann,https://es.wikipedia.org/wiki/Susana_Sussmann,Venezuela
Mireya Tabuas,https://es.wikipedia.org/wiki/Mireya_Tabuas,Venezuela
Ana Enriqueta Terán,https://es.wikipedia.org/wiki/Ana_Enriqueta_Ter%C3%A1n,Venezuela
Natasha Tiniacos,https://es.wikipedia.org/wiki/Natasha_Tiniacos,Venezuela
Ana Teresa Torres,https://es.wikipedia.org/wiki/Ana_Teresa_Torres,Venezuela
Keila Vall de la Ville,https://es.wikipedia.org/wiki/Keila_Vall_de_la_Ville,Venezuela
Lucila Velásquez,https://es.wikipedia.org/wiki/Lucila_Vel%C3%A1squez,Venezuela
Wafi Salih,https://es.wikipedia.org/wiki/Wafi_Salih,Venezuela
Geraldine Gutiérrez Wienken,https://es.wikipedia.org/wiki/Geraldine_Guti%C3%A9rrez_Wienken,Venezuela
Carmen Cristina Wolf,https://es.wikipedia.org/wiki/Carmen_Cristina_Wolf,Venezuela
Lena Yau,https://es.wikipedia.org/wiki/Lena_Yau,Venezuela
María Auxiliadora Álvarez,https://es.wikipedia.org/wiki/Mar%C3%ADa_Auxiliadora_%C3%81lvarez,Venezuela
Morita Carrillo,https://es.wikipedia.org/wiki/Morita_Carrillo,Venezuela
Clotilde Crespo de Arvelo,https://es.wikipedia.org/wiki/Clotilde_Crespo_de_Arvelo,Venezuela
Polita de Lima,https://es.wikipedia.org/wiki/Polita_de_Lima,Venezuela
Dilia Díaz Cisneros,https://es.wikipedia.org/wiki/Dilia_D%C3%ADaz_Cisneros,Venezuela
Lydda Franco Farías,https://es.wikipedia.org/wiki/Lydda_Franco_Far%C3%ADas,Venezuela
Lotty Ipinza,https://es.wikipedia.org/wiki/Lotty_Ipinza,Venezuela
Elsa Morales,https://es.wikipedia.org/wiki/Elsa_Morales,Venezuela
Antonia Palacios,https://es.wikipedia.org/wiki/Antonia_Palacios,Venezuela
Ana Mercedes Pérez,https://es.wikipedia.org/wiki/Ana_Mercedes_P%C3%A9rez,Venezuela
Eleonora Requena,https://es.wikipedia.org/wiki/Eleonora_Requena,Venezuela
Luisa del Valle Silva,https://es.wikipedia.org/wiki/Luisa_del_Valle_Silva,Venezuela
Miyó Vestrini,https://es.wikipedia.org/wiki/Miy%C3%B3_Vestrini,Venezuela
Julia Álvarez,https://es.wikipedia.org/wiki/Julia_%C3%81lvarez,República Dominicana
Aurora Arias,https://es.wikipedia.org/wiki/Aurora_Arias,República Dominicana
Aída Cartagena Portalatín,https://es.wikipedia.org/wiki/A%C3%ADda_Cartagena_Portalat%C3%ADn,República Dominicana
Hilma Contreras,https://es.wikipedia.org/wiki/Hilma_Contreras,República Dominicana
Daisy Cocco De Filippis,https://es.wikipedia.org/wiki/Daisy_Cocco_De_Filippis,República Dominicana
Carmen Imbert Brugal,https://es.wikipedia.org/wiki/Carmen_Imbert_Brugal,República Dominicana
Rita Indiana,https://es.wikipedia.org/wiki/Rita_Indiana,República Dominicana
Jeannette Miller,https://es.wikipedia.org/wiki/Jeannette_Miller,República Dominicana
Rosa Silverio,https://es.wikipedia.org/wiki/Rosa_Silverio,República Dominicana
Jacqueline Balcells,https://es.wikipedia.org/wiki/Jacqueline_Balcells,Chile
Pía Barros Bravo,https://es.wikipedia.org/wiki/P%C3%ADa_Barros,Chile
María Alexandra Basualto Pearcy,https://es.wikipedia.org/wiki/Alejandra_Basualto,Chile
Natalia Berbelagua Pastene,https://es.wikipedia.org/wiki/Natalia_Berbelagua,Chile
Carmen Berenguer,https://es.wikipedia.org/wiki/Carmen_Berenguer,Chile
Soledad Bianchi Lasso,https://es.wikipedia.org/wiki/Soledad_Bianchi,Chile
Marta Elena Blanco Vidal,https://es.wikipedia.org/wiki/Marta_Blanco,Chile
María Luisa Bombal Anthes,https://es.wikipedia.org/wiki/Mar%C3%ADa_Luisa_Bombal,Chile
Teresa Calderón,https://es.wikipedia.org/wiki/Teresa_Calder%C3%B3n,Chile
María del Carmen Castillo Echeverría,https://es.wikipedia.org/wiki/Carmen_Castillo_(cineasta),Chile
Claudia Andrade Ecchio,https://es.wikipedia.org/wiki/Claudia_Andrade_Ecchio,Chile
Teresa Clerc Mirtin,https://es.wikipedia.org/wiki/Teresa_Clerc,Chile
Mabel Condemarín Grimberg,https://es.wikipedia.org/wiki/Mabel_Condemar%C3%ADn,Chile
Larissa Contreras Briones,https://es.wikipedia.org/wiki/Larissa_Contreras,Chile
Ivonne Coñuecar,https://es.wikipedia.org/wiki/Ivonne_Co%C3%B1uecar,Chile
María Cristina Correa Morandé,https://es.wikipedia.org/wiki/Mar%C3%ADa_Correa_Morand%C3%A9,Chile
Stella Corvalán Vega,https://es.wikipedia.org/wiki/Stella_Corval%C3%A1n,Chile
Rita Cosani Sologuren,https://es.wikipedia.org/wiki/Ester_Cosani,Chile
Alejandra Costamagna Crivelli,https://es.wikipedia.org/wiki/Alejandra_Costamagna,Chile
Virginia Cox Balmaceda,https://es.wikipedia.org/wiki/Virginia_Cox_Balmaceda,Chile
Silvia Cuevas Morales,https://es.wikipedia.org/wiki/Silvia_Cuevas_Morales,Chile
Carmen de Alonso,https://es.wikipedia.org/wiki/Carmen_de_Alonso,Chile
Ana María del Río,https://es.wikipedia.org/wiki/Ana_Mar%C3%ADa_del_R%C3%ADo,Chile
Myriam Díaz Diocaretz,https://es.wikipedia.org/wiki/Myriam_D%C3%ADaz_Diocaretz,Chile
Stella Adriana Díaz Varín,https://es.wikipedia.org/wiki/Stella_D%C3%ADaz_Var%C3%ADn,Chile
Delia Domínguez Mohr,https://es.wikipedia.org/wiki/Delia_Dom%C3%ADnguez,Chile
Rossana Dresdner,https://es.wikipedia.org/wiki/Rossana_Dresdner,Chile
Gloria Dünkler,https://es.wikipedia.org/wiki/Gloria_D%C3%BCnkler,Chile
Mónica Echeverría Yáñez,https://es.wikipedia.org/wiki/M%C3%B3nica_Echeverr%C3%ADa,Chile
Lilian Elphick Latorre,https://es.wikipedia.org/wiki/Lilian_Elphick,Chile
Ana Diamela Nadine Eltit González,https://es.wikipedia.org/wiki/Diamela_Eltit,Chile
Raquel Señoret Guevara,https://es.wikipedia.org/wiki/Raquel_Se%C3%B1oret,Chile
Soledad Fariña Vicuña,https://es.wikipedia.org/wiki/Soledad_Fari%C3%B1a,Chile
Patricia Paola Fernández Silanes ,https://es.wikipedia.org/wiki/Nona_Fern%C3%A1ndez,Chile
María José Ferrada Lefenda,https://es.wikipedia.org/wiki/Mar%C3%ADa_Jos%C3%A9_Ferrada,Chile
Enriqueta Flores Arredondo,https://es.wikipedia.org/wiki/Enriqueta_Flores_Arredondo,Chile
Baldramina Flores Urquieta,https://es.wikipedia.org/wiki/Baldramina_Flores,Chile
Paulina Flores,https://es.wikipedia.org/wiki/Paulina_Flores,Chile
Astrid Fugellie Gezan,https://es.wikipedia.org/wiki/Astrid_Fugellie,Chile
Ingrid Alicia Fugellie Gezan,https://es.wikipedia.org/wiki/Ingrid_Fugellie,Chile
Carmen Gaete Nieto del Río,https://es.wikipedia.org/wiki/Carmen_Gaete,Chile
Alicia Galaz Vivar,https://es.wikipedia.org/wiki/Alicia_Galaz,Chile
Georgina Silva Jiménez,https://es.wikipedia.org/wiki/Mar%C3%ADa_Carolina_Geel,Chile
María Elena Gertner Honorato,https://es.wikipedia.org/wiki/Mar%C3%ADa_Elena_Gertner,Chile
Daniuska González González,https://es.wikipedia.org/wiki/Daniuska_Gonz%C3%A1lez,Chile
Carla Guelfenbein Dobry,https://es.wikipedia.org/wiki/Carla_Guelfenbein,Chile
Lucía Guerra,https://es.wikipedia.org/wiki/Luc%C3%ADa_Guerra,Chile
Camila Gutiérrez Berner,https://es.wikipedia.org/wiki/Camila_Guti%C3%A9rrez,Chile
Teresa Hame,https://es.wikipedia.org/wiki/Teresa_Hamel,Chile
Elvira Hernández,https://es.wikipedia.org/wiki/Elvira_Hern%C3%A1ndez,Chile
Ana Sara Herrera Sagredo,https://es.wikipedia.org/wiki/Sara_Herrera,Chile
Graciela Huinao,https://es.wikipedia.org/wiki/Graciela_Huinao,Chile
Marta Jara Hantke,https://es.wikipedia.org/wiki/Marta_Jara,Chile
Emma Isabel Jauch Jelves,https://es.wikipedia.org/wiki/Emma_Jauch,Chile
Andrea Jeftanovic Avdaloff,https://es.wikipedia.org/wiki/Andrea_Jeftanovic,Chile
Raquel Lea Jodorowsky Prullansky,https://es.wikipedia.org/wiki/Raquel_Jodorowsky,Chile
Josefa Wallace,https://es.wikipedia.org/wiki/Josefa_Wallace,Chile
Soledad Bianchi Lasso,https://es.wikipedia.org/wiki/Usuario:Lassangui/Taller,Chile
Marina Latorre Uribe,https://es.wikipedia.org/wiki/Marina_Latorre,Chile
Nelly Lemus Villa,https://es.wikipedia.org/wiki/Nelly_Lemus,Chile
Carmen Gloria López Moure ,https://es.wikipedia.org/wiki/Carmen_Gloria_L%C3%B3pez,Chile
Carmen Marai,https://es.wikipedia.org/wiki/Carmen_Marai,Chile
Ester Matte Alessandri,https://es.wikipedia.org/wiki/Ester_Matte_Alessandri,Chile
Marie-Célie Agnant,https://es.wikipedia.org/wiki/Marie-C%C3%A9lie_Agnant,Haití
Mimi Barthélémy,https://es.wikipedia.org/wiki/Mimi_Barth%C3%A9l%C3%A9my,Haití
Jacqueline Beaugé,https://es.wikipedia.org/wiki/Jacqueline_Beaug%C3%A9-Rosier,Haití
Marie-Thérèse Colimon-Hall,https://es.wikipedia.org/wiki/Marie-Th%C3%A9r%C3%A8se_Colimon-Hall,Haití
Maggy de Coster,https://es.wikipedia.org/wiki/Maggy_de_Coster,Haití
Liliane Dévieux-Dehoux,https://es.wikipedia.org/wiki/Liliane_D%C3%A9vieux-Dehoux,Haití
Lilas Desquiron,https://es.wikipedia.org/wiki/Lilas_Desquiron,Haití
Michèle-Jessica Fièvre,https://es.wikipedia.org/wiki/Jessica_Fi%C3%A8vre,Haití
Mona Guérin,https://es.wikipedia.org/wiki/Mona_Gu%C3%A9rin,Haití
Yanick Lahens,https://es.wikipedia.org/wiki/Yanick_Lahens,Haití
Nadine Magloire,https://es.wikipedia.org/wiki/Nadine_Magloire,Haití
Kettly Mars,https://es.wikipedia.org/wiki/Kettly_Mars,Haití
Marie-Sœurette Mathieu,https://es.wikipedia.org/wiki/Marie-S%C5%93urette_Mathieu,Haití
Janine Tavernier,https://es.wikipedia.org/wiki/Janine_Tavernier,Haití
Emmelie Prophète,https://es.wikipedia.org/wiki/Emmelie_Proph%C3%A8te,Haití
Marlène Rigaud Apollon,https://es.wikipedia.org/wiki/Marl%C3%A8ne_Rigaud_Apollon,Haití
Elsie Suréna,https://es.wikipedia.org/wiki/Elsie_Sur%C3%A9na,Haití
Marie-Alice Théard,https://es.wikipedia.org/wiki/Marie-Alice_Th%C3%A9ard,Haití
Évelyne Trouillot,https://es.wikipedia.org/wiki/%C3%89velyne_Trouillot,Haití
Cléante Valcin,https://es.wikipedia.org/wiki/Cl%C3%A9ante_Valcin,Haití
Marie Vieux-Chauvet,https://es.wikipedia.org/wiki/Marie_Vieux-Chauvet,Haití
Edwidge Danticat,https://es.wikipedia.org/wiki/Edwidge_Danticat,Haití
Karin Amatmoekrim,https://es.wikipedia.org/wiki/Karin_Amatmoekrim,Surinam
Cándani,https://es.wikipedia.org/wiki/C%C3%A1ndani,Surinam
Thea Doelwijt,https://es.wikipedia.org/wiki/Thea_Doelwijt,Surinam
Chitra Gajadin,https://es.wikipedia.org/wiki/Chitra_Gajadin,Surinam
Sharda Ganga,https://es.wikipedia.org/wiki/Sharda_Ganga,Surinam
Henna Goudzand Nahar,https://es.wikipedia.org/wiki/Henna_Goudzand_Nahar,Surinam
Ann Harris,https://es.wikipedia.org/wiki/Ann_Harris,Surinam
Mala Kishoendajal,https://es.wikipedia.org/wiki/Mala_Kishoendajal,Surinam
Ismene Krishnadath,https://es.wikipedia.org/wiki/Ismene_Krishnadath,Surinam
Tessa Leuwsha,https://es.wikipedia.org/wiki/Tessa_Leuwsha,Surinam
Noni Lichtveld,https://es.wikipedia.org/wiki/Noni_Lichtveld,Surinam
Cynthia McLeod,https://es.wikipedia.org/wiki/Cynthia_McLeod,Surinam
Mechtelly,https://es.wikipedia.org/wiki/Mechtelly,Surinam
Annel de Noré,https://es.wikipedia.org/wiki/Annel_de_Nor%C3%A9,Surinam
Ellen Ombre,https://es.wikipedia.org/wiki/Ellen_Ombre,Surinam
Astrid Roemer,https://es.wikipedia.org/wiki/Astrid_Roemer,Surinam
Johanna Schouten-Elsenhout,https://es.wikipedia.org/wiki/Johanna_Schouten-Elsenhout,Surinam
Bea Vianen,https://es.wikipedia.org/wiki/Bea_Vianen,Surinam
Annette de Vries,https://es.wikipedia.org/wiki/Annette_de_Vries,Surinam
Joanna Werners,https://es.wikipedia.org/wiki/Joanna_Werners,Surinam
Dorothee Wong Loi Sing,https://es.wikipedia.org/wiki/Dorothee_Wong_Loi_Sing,Surinam
Delmira Agustini,https://es.wikipedia.org/wiki/Delmira_Agustini,Uruguay
Myriam Albisu,https://es.wikipedia.org/wiki/Myriam_Albisu,Uruguay
Teresa Amy,https://es.wikipedia.org/wiki/Teresa_Amy,Uruguay
Nancy Bacelo,https://es.wikipedia.org/wiki/Nancy_Bacelo,Uruguay
Berta Bengochea,https://es.wikipedia.org/wiki/Berta_Bengochea,Uruguay
Matilde Bianchi,https://es.wikipedia.org/wiki/Matilde_Bianchi,Uruguay
Andrea Blanqué,https://es.wikipedia.org/wiki/Andrea_Blanqu%C3%A9,Uruguay
Sarah Bollo,https://es.wikipedia.org/wiki/Sarah_Bollo,Uruguay
Iris Bombet Franco,https://es.wikipedia.org/wiki/Iris_Bombet_Franco,Uruguay
María Adela Bonavita,https://es.wikipedia.org/wiki/Mar%C3%ADa_Adela_Bonavita,Uruguay
Virginia Brindis de Salas,https://es.wikipedia.org/wiki/Virginia_Brindis_de_Salas,Uruguay
Gladys Cancela,https://es.wikipedia.org/wiki/Gladys_Cancela,Uruguay
Martha L. Canfield,https://es.wikipedia.org/wiki/Martha_L._Canfield,Uruguay
María Ester Cantonnet,https://es.wikipedia.org/wiki/Mar%C3%ADa_Ester_Cantonnet,Uruguay
Selva Casal,https://es.wikipedia.org/wiki/Selva_Casal,Uruguay
Esther de Cáceres,https://es.wikipedia.org/wiki/Esther_de_C%C3%A1ceres,Uruguay
Helena Corbellini,https://es.wikipedia.org/wiki/Helena_Corbellini,Uruguay
Marosa di Giorgio,https://es.wikipedia.org/wiki/Marosa_di_Giorgio,Uruguay
Julia Galemire,https://es.wikipedia.org/wiki/Julia_Galemire,Uruguay
Estrella Genta de Lockhart,https://es.wikipedia.org/wiki/Estrella_Genta_de_Lockhart,Uruguay
María Gravina Telechea,https://es.wikipedia.org/wiki/Mar%C3%ADa_Gravina_Telechea,Uruguay
Silvia Guerra,https://es.wikipedia.org/wiki/Silvia_Guerra,Uruguay
Sara de Ibáñez,https://es.wikipedia.org/wiki/Sara_de_Ib%C3%A1%C3%B1ez,Uruguay
Suleika Ibáñez,https://es.wikipedia.org/wiki/Suleika_Ib%C3%A1%C3%B1ez,Uruguay
Juana de Ibarbourou,https://es.wikipedia.org/wiki/Juana_de_Ibarbourou,Uruguay
María Carmen Izcua,https://es.wikipedia.org/wiki/Mar%C3%ADa_Carmen_Izcua,Uruguay
Felisa Lisasola,https://es.wikipedia.org/wiki/Felisa_Lisasola,Uruguay
Luisa Luisi,https://es.wikipedia.org/wiki/Luisa_Luisi,Uruguay
Circe Maia,https://es.wikipedia.org/wiki/Circe_Maia#Poes%C3%ADa,Uruguay
Selva Márquez,https://es.wikipedia.org/wiki/Selva_M%C3%A1rquez,Uruguay
Paulina Medeiros,https://es.wikipedia.org/wiki/Paulina_Medeiros,Uruguay
Alicia Migdal,https://es.wikipedia.org/wiki/Alicia_Migdal,Uruguay
Arsinoe Moratorio,https://es.wikipedia.org/wiki/Arsinoe_Moratorio,Uruguay
María Elena Muñoz,https://es.wikipedia.org/wiki/Mar%C3%ADa_Elena_Mu%C3%B1oz,Uruguay
Tatiana Oroño,https://es.wikipedia.org/wiki/Tatiana_Oro%C3%B1o,Uruguay
Cristina Peri Rossi,https://es.wikipedia.org/wiki/Cristina_Peri_Rossi,Uruguay
Edda Piaggio,https://es.wikipedia.org/wiki/Edda_Piaggio,Uruguay
Amalia Polleri,https://es.wikipedia.org/wiki/Amalia_Polleri,Uruguay
Teresa Porzecanski,https://es.wikipedia.org/wiki/Teresa_Porzecanski,Uruguay
Esther Parodi Uriarte de Prunell,https://es.wikipedia.org/wiki/Esther_Parodi_Uriarte_de_Prunell,Uruguay
Mercedes Rein,https://es.wikipedia.org/wiki/Mercedes_Rein,Uruguay
Sylvia Riestra,https://es.wikipedia.org/wiki/Sylvia_Riestra,Uruguay
Alba Roballo,https://es.wikipedia.org/wiki/Alba_Roballo,Uruguay
Cristina Rodríguez Cabral,https://es.wikipedia.org/wiki/Cristina_Rodr%C3%ADguez_Cabral,Uruguay
Dora Isella Russell,https://es.wikipedia.org/wiki/Dora_Isella_Russell,Uruguay
Graciela Saralegui,https://es.wikipedia.org/wiki/Graciela_Saralegui,Uruguay
Idea Vilariño,https://es.wikipedia.org/wiki/Idea_Vilari%C3%B1o,Uruguay
Ida Vitale,https://es.wikipedia.org/wiki/Ida_Vitale,Uruguay
Giselda Zani,https://es.wikipedia.org/wiki/Giselda_Zani,Uruguay
Fernanda Trías,https://es.wikipedia.org/wiki/Fernanda_Tr%C3%ADas,Uruguay
Úrsula Acosta,https://es.wikipedia.org/wiki/%C3%9Arsula_Acosta,Puerto Rico
Amelia Agostini de del Río,https://es.wikipedia.org/wiki/%C3%9Arsula_Acosta,Puerto Rico
Marta Aponte Alsina,https://es.wikipedia.org/wiki/Marta_Aponte_Alsina,Puerto Rico
Maria Arrillaga,https://es.wikipedia.org/wiki/Maria_Arrillaga,Puerto Rico
Yolanda Arroyo Pizarro,https://es.wikipedia.org/wiki/Yolanda_Arroyo_Pizarro,Puerto Rico
María Teresa Babín,https://es.wikipedia.org/wiki/Mar%C3%ADa_Teresa_Bab%C3%ADn,Puerto Rico
Marilyn Batista Márquez,https://es.wikipedia.org/wiki/Marilyn_Batista_M%C3%A1rquez,Puerto Rico
Pura Belpré,https://es.wikipedia.org/wiki/Pura_Belpr%C3%A9,Puerto Rico
Alejandrina Benítez de Gautier,https://es.wikipedia.org/wiki/Alejandrina_Ben%C3%ADtez_de_Gautier,Puerto Rico
María Bibiana Benítez,https://es.wikipedia.org/wiki/Mar%C3%ADa_Bibiana_Ben%C3%ADtez,Puerto Rico
Giannina Braschi,https://es.wikipedia.org/wiki/Giannina_Braschi,Puerto Rico
Julia de Burgos,https://es.wikipedia.org/wiki/Julia_de_Burgos,Puerto Rico
Mayra Calvani,https://es.wikipedia.org/wiki/Mayra_Calvani,Puerto Rico
Isabel Cuchí Coll,https://es.wikipedia.org/wiki/Isabel_Cuch%C3%AD_Coll,Puerto Rico
Angelamaría Dávila,https://es.wikipedia.org/wiki/Angelamar%C3%ADa_D%C3%A1vila,Puerto Rico
Caridad de la Luz,https://es.wikipedia.org/wiki/Caridad_de_la_Luz,Puerto Rico
Sandra María Esteves,https://es.wikipedia.org/wiki/Sandra_Mar%C3%ADa_Esteves,Puerto Rico
Carmela Eulate Sanjurjo,https://es.wikipedia.org/wiki/Carmela_Eulate_Sanjurjo,Puerto Rico
Rosario Ferré,https://es.wikipedia.org/wiki/Rosario_Ferr%C3%A9,Puerto Rico
Magali García Ramis,https://es.wikipedia.org/wiki/Magali_Garc%C3%ADa_Ramis,Puerto Rico
Quiara Alegría Hudes,https://es.wikipedia.org/wiki/Quiara_Alegr%C3%ADa_Hudes,Puerto Rico
Janette Becerra,https://es.wikipedia.org/wiki/Janette_Becerra,Puerto Rico
Georgina Lázaro,https://es.wikipedia.org/wiki/Georgina_L%C3%A1zaro,Puerto Rico
Erika López,https://es.wikipedia.org/wiki/Erika_L%C3%B3pez,Puerto Rico
Margarita Maldonado Colón,https://es.wikipedia.org/wiki/Margarita_Maldonado_Col%C3%B3n,Puerto Rico
Concha Meléndez,https://es.wikipedia.org/wiki/Concha_Mel%C3%A9ndez,Puerto Rico
Nancy Mercado,https://es.wikipedia.org/wiki/Nancy_Mercado,Puerto Rico
Mayra Montero,https://es.wikipedia.org/wiki/Mayra_Montero,Puerto Rico
Esmeralda Santiago,https://es.wikipedia.org/wiki/Esmeralda_Santiago,Puerto Rico
Mayra Santos-Febres,https://es.wikipedia.org/wiki/Mayra_Santos-Febres,Puerto Rico
Luz María Umpierre,https://es.wikipedia.org/wiki/Luz_Mar%C3%ADa_Umpierre,Puerto Rico
Lourdes Vázquez,https://es.wikipedia.org/wiki/Lourdes_V%C3%A1zquez,Puerto Rico
Ana Lydia Vega,https://es.wikipedia.org/wiki/Ana_Lydia_Vega,Puerto Rico
Iris M. Zavala,https://es.wikipedia.org/wiki/Iris_M._Zavala,Puerto Rico
Lina Meruane Boza,https://es.wikipedia.org/wiki/Lina_Meruane,Chile
Paz Molina,https://es.wikipedia.org/wiki/Paz_Molina,Chile
Sonia Cristina Montecino Aguirre ,https://es.wikipedia.org/wiki/Sonia_Montecino,Chile
Ana del Rosario Montrosis Guaje,https://es.wikipedia.org/wiki/Ana_del_Rosario_Montrosis,Chile
Enriqueta Petitpas Cotton,https://es.wikipedia.org/wiki/Henriette_Morvan,Chile
Raquel Muñoz de Franco,https://es.wikipedia.org/wiki/Raquel_Mu%C3%B1oz_de_Franco,Chile
Eliana Navarro Barahona,https://es.wikipedia.org/wiki/Eliana_Navarro,Chile
María José Navia,https://es.wikipedia.org/wiki/Mar%C3%ADa_Jos%C3%A9_Navia,Chile
Victoria Saavedra Rojas,https://es.wikipedia.org/wiki/Victoria_Orjikh,Chile
Vilma Orrego Zúñiga,https://es.wikipedia.org/wiki/Vilma_Orrego,Chile
Emilia Pincheira Oyarzún,https://es.wikipedia.org/wiki/Mila_Oyarzún,Chile
María Teresa Panchillo Nekulwual,https://es.wikipedia.org/wiki/Mar%C3%ADa_Teresa_Panchillo,Chile
Mara Rita Villaorrel Oñate,https://es.wikipedia.org/wiki/Usuario:Pazaliagarelmuan/Taller,Chile
Magdalena Petit Marfán,https://es.wikipedia.org/wiki/Magdalena_Petit,Chile
María Elvira Piwonka Moreno,https://es.wikipedia.org/wiki/Mar%C3%ADa_Elvira_Piwonka,Chile
Patricia Politzer Kerekes,https://es.wikipedia.org/wiki/Patricia_Politzer,Chile
Isolda Pradel,https://es.wikipedia.org/wiki/Isolda_Pradel,Chile
María Asunción Requena,https://es.wikipedia.org/wiki/Mar%C3%ADa_Asunci%C3%B3n_Requena,Chile
María Zulema Reyes Valledor,https://es.wikipedia.org/wiki/Chela_Reyes,Chile
María Esperanza Reyes de Arteaga,https://es.wikipedia.org/wiki/Mar%C3%ADa_Esperanza_Reyes,Chile
Blanca del Río Vergara,https://es.wikipedia.org/wiki/Blanca_del_R%C3%ADo,Chile
Mónica Ríos,https://es.wikipedia.org/wiki/M%C3%B3nica_R%C3%ADos,Chile
Mara Rita Villarroel Oñate,https://es.wikipedia.org/wiki/Mara_Rita,Chile
Susana Lía María Roccatagliata Orsini,https://es.wikipedia.org/wiki/Susana_Roccatagliata,Chile
Antonieta Rodríguez Paris,https://es.wikipedia.org/wiki/Antonieta_Rodr%C3%ADguez,Chile
Mary Rogers Gacitúa,https://es.wikipedia.org/wiki/Mary_Rogers,Chile
Rosa Regina Royo Cabrera,https://es.wikipedia.org/wiki/Regina_Royo,Chile
Edith Ruiz Aguilar,https://es.wikipedia.org/wiki/Edith_Ruiz,Chile
Guadalupe Santa Cruz,https://es.wikipedia.org/wiki/Guadalupe_Santa_Cruz,Chile
Alicia Santaella Murias,https://es.wikipedia.org/wiki/Alicia_Santaella,Chile
Elisa Pérez Walker,https://es.wikipedia.org/wiki/Elisa_Serrana,Chile
Marcela Serrano Pérez,https://es.wikipedia.org/wiki/Marcela_Serrano,Chile
María Silva Ossa,https://es.wikipedia.org/wiki/Mar%C3%ADa_Silva_Ossa,Chile
Elizabeth Subercaseaux Sommerhoff,https://es.wikipedia.org/wiki/Elizabeth_Subercaseaux,Chile
Alia Trabucco Zerán,https://es.wikipedia.org/wiki/Alia_Trabucco,Chile
Inelia Uribe Casanueva,https://es.wikipedia.org/wiki/Inelia_Uribe,Chile
María de la Luz Urriola González,https://es.wikipedia.org/wiki/Mal%C3%BA_Urriola,Chile
María Urzúa,https://es.wikipedia.org/wiki/Mar%C3%ADa_Urz%C3%BAa,Chile
Mercedes Valdivieso,https://es.wikipedia.org/wiki/Mercedes_Valdivieso,Chile
Camila Valenzuela,https://es.wikipedia.org/wiki/Camila_Valenzuela,Chile
Cecilia Vicuña,https://es.wikipedia.org/wiki/Cecilia_Vicu%C3%B1a,Chile
Concha Zardoya,https://es.wikipedia.org/wiki/Concha_Zardoya,Chile
Rosa Cruchaga,https://es.wikipedia.org/wiki/Rosa_Cruchaga,Chile
Bárbara Délano,https://es.wikipedia.org/wiki/B%C3%A1rbara_D%C3%A9lano,Chile
Stella Díaz Varín,https://es.wikipedia.org/wiki/Stella_D%C3%ADaz_Var%C3%ADn,Chile
Camila Fadda,https://es.wikipedia.org/wiki/Camila_Fadda,Chile
Mónica Gómez Contreras,https://es.wikipedia.org/wiki/M%C3%B3nica_G%C3%B3mez_Contreras,Chile
Isabel Gómez Muñoz,https://es.wikipedia.org/wiki/Isabel_G%C3%B3mez_Mu%C3%B1oz,Chile
Silviana González Riqueros,https://es.wikipedia.org/wiki/Silviana_Gonz%C3%A1lez_Riqueros,Chile
Escilda Greve,https://es.wikipedia.org/wiki/Escilda_Greve,Chile
Nana Gutiérrez,https://es.wikipedia.org/wiki/Nana_Guti%C3%A9rrez,Chile
Lily Iñiguez Matte,https://es.wikipedia.org/wiki/Lily_I%C3%B1iguez_Matte,Chile
Raquel Jodorowsky,https://es.wikipedia.org/wiki/Raquel_Jodorowsky,Chile
Cristina Larco,https://es.wikipedia.org/wiki/Cristina_Larco,Chile
Pauline Le Roy,https://es.wikipedia.org/wiki/Pauline_Le_Roy,Chile
Mónica Montero,https://es.wikipedia.org/wiki/M%C3%B3nica_Montero,Chile
Maribel Mora Curriao,https://es.wikipedia.org/wiki/Maribel_Mora_Curriao,Chile
Alicia Morel,https://es.wikipedia.org/wiki/Alicia_Morel,Chile
Neddiel Muñoz Millalonco,https://es.wikipedia.org/wiki/Neddiel_Mu%C3%B1oz_Millalonco,Chile
Rosabetty Muñoz,https://es.wikipedia.org/wiki/Rosabetty_Mu%C3%B1oz,Chile
Elizabeth Neira,https://es.wikipedia.org/wiki/Elizabeth_Neira,Chile
Gricelda Núñez,https://es.wikipedia.org/wiki/Gricelda_N%C3%BA%C3%B1ez,Chile
Victoria Orjikh,https://es.wikipedia.org/wiki/Victoria_Orjikh,Chile
Mila Oyarzún,https://es.wikipedia.org/wiki/Mila_Oyarz%C3%BAn,Chile
María Isabel Peralta,https://es.wikipedia.org/wiki/Mar%C3%ADa_Isabel_Peralta,Chile
Antonia Torres Agüero,https://es.wikipedia.org/wiki/Antonia_Torres_Ag%C3%BCero,Chile
Malú Urriola,https://es.wikipedia.org/wiki/Mal%C3%BA_Urriola,Chile
Verónica Zondek,https://es.wikipedia.org/wiki/Ver%C3%B3nica_Zondek,Chile
Dorelia Barahona Riera,https://es.wikipedia.org/wiki/Dorelia_Barahona_Riera,Costa Rica
Marilyn Batista Márquez,https://es.wikipedia.org/wiki/Marilyn_Batista_M%C3%A1rquez,Costa Rica
Eulalia Bernard,https://es.wikipedia.org/wiki/Eulalia_Bernard,Costa Rica
Alejandra Castro,https://es.wikipedia.org/wiki/Alejandra_Castro,Costa Rica
Jessica Clark Cohen,https://es.wikipedia.org/wiki/Jessica_Clark_Cohen,Costa Rica
Rima de Vallbona,https://es.wikipedia.org/wiki/Rima_de_Vallbona,Costa Rica
Julieta Dobles,https://es.wikipedia.org/wiki/Julieta_Dobles,Costa Rica
Vilma Faingezicht,https://es.wikipedia.org/wiki/Vilma_Faingezicht,Costa Rica
Laura Fuentes Belgrave,https://es.wikipedia.org/wiki/Laura_Fuentes_Belgrave,Costa Rica
Victoria Garrón Orozco,https://es.wikipedia.org/wiki/Victoria_Garr%C3%B3n_Orozco,Costa Rica
Mirta González Suárez,https://es.wikipedia.org/wiki/Mirta_Gonz%C3%A1lez_Su%C3%A1rez,Costa Rica
Virginia Grutter,https://es.wikipedia.org/wiki/Virginia_Grutter,Costa Rica
Ana Istarú,https://es.wikipedia.org/wiki/Ana_Istar%C3%BA,Costa Rica
Tatiana Lobo,https://es.wikipedia.org/wiki/Tatiana_Lobo,Costa Rica
Alicia Miranda Hevia,https://es.wikipedia.org/wiki/Alicia_Miranda_Hevia,Costa Rica
Catalina Murillo Valverde,https://es.wikipedia.org/wiki/Catalina_Murillo_Valverde,Costa Rica
Carmen Naranjo,https://es.wikipedia.org/wiki/Carmen_Naranjo,Costa Rica
Eunice Odio,https://es.wikipedia.org/wiki/Eunice_Odio,Costa Rica
María Pérez-Yglesias,https://es.wikipedia.org/wiki/Mar%C3%ADa_P%C3%A9rez-Yglesias,Costa Rica
Roxana Pinto,https://es.wikipedia.org/wiki/Roxana_Pinto,Costa Rica
Lara Ríos,https://es.wikipedia.org/wiki/Lara_R%C3%ADos,Costa Rica
Anacristina Rossi,https://es.wikipedia.org/wiki/Anacristina_Rossi,Costa Rica
Arabella Salaverry,https://es.wikipedia.org/wiki/Arabella_Salaverry,Costa Rica
Sara Schyfter,https://es.wikipedia.org/wiki/Sara_Schyfter,Costa Rica
Evelyn Ugalde,https://es.wikipedia.org/wiki/Evelyn_Ugalde,Costa Rica
Carmen Lyra,https://es.wikipedia.org/wiki/Carmen_Lyra,Costa Rica
Shirley Campbell Barr,https://es.wikipedia.org/wiki/Shirley_Campbell_Barr,Costa Rica
María Mayela Padilla Monge,https://es.wikipedia.org/wiki/Mar%C3%ADa_Mayela_Padilla_Monge,Costa Rica
Julieta Pinto,https://es.wikipedia.org/wiki/Julieta_Pinto,Costa Rica
Magaly Alabau,https://es.wikipedia.org/wiki/Magaly_Alabau,Cuba
Odette Alonso,https://es.wikipedia.org/wiki/Odette_Alonso,Cuba
Carmela Abad Mendieta,https://es.wikipedia.org/wiki/Carmela_Abad_Mendieta,Perú
Dida Aguirre García,https://es.wikipedia.org/wiki/Dida_Aguirre_Garc%C3%ADa,Perú
Esther Allison,https://es.wikipedia.org/wiki/Esther_Allison,Perú
Mariana de Althaus,https://es.wikipedia.org/wiki/Mariana_de_Althaus,Perú
María Jesús Alvarado Rivera,https://es.wikipedia.org/wiki/Mar%C3%ADa_Jes%C3%BAs_Alvarado_Rivera,Perú
Ch'aska Anka Ninawaman,https://es.wikipedia.org/wiki/Ch%27aska_Anka_Ninawaman,Perú
Marie Arana,https://es.wikipedia.org/wiki/Marie_Arana,Perú
Rosa Arciniega,https://es.wikipedia.org/wiki/Rosa_Arciniega,Perú
Violeta Ardiles,https://es.wikipedia.org/wiki/Violeta_Ardiles,Perú
Carolina Arrisueño Málaga,https://es.wikipedia.org/wiki/Carolina_Arrisue%C3%B1o_M%C3%A1laga,Perú
Magda Botteri Lequemaqué,https://es.wikipedia.org/wiki/Magda_Botteri_Lequemaqu%C3%A9,Perú
Dora Alonso,https://es.wikipedia.org/wiki/Dora_Alonso,Cuba
Nancy Alonso,https://es.wikipedia.org/wiki/Nancy_Alonso,Cuba
Caridad Atencio,https://es.wikipedia.org/wiki/Caridad_Atencio,Cuba
Aida Bahr,https://es.wikipedia.org/wiki/Aida_Bahr,Cuba
Ruth Behar,https://es.wikipedia.org/wiki/Ruth_Behar,Cuba
Marilyn Bobes,https://es.wikipedia.org/wiki/Marilyn_Bobes,Cuba
Rosa Ileana Boudet,https://es.wikipedia.org/wiki/Rosa_Ileana_Boudet,Cuba
Julieta Campos,https://es.wikipedia.org/wiki/Julieta_Campos,Cuba
Yanitzia Canetti,https://es.wikipedia.org/wiki/Yanitzia_Canetti,Cuba
Teresa Casuso Morín,https://es.wikipedia.org/wiki/Teresa_Casuso_Mor%C3%ADn,Cuba
Alba de Céspedes y Bertini,https://es.wikipedia.org/wiki/Alba_de_C%C3%A9spedes_y_Bertini,Cuba
Daína Chaviano,https://es.wikipedia.org/wiki/Da%C3%ADna_Chaviano,Cuba
María Elena Cruz Varela,https://es.wikipedia.org/wiki/Mar%C3%ADa_Elena_Cruz_Varela,Cuba
Belkis Cuza Malé,https://es.wikipedia.org/wiki/Belkis_Cuza_Mal%C3%A9,Cuba
Iris Dávila,https://es.wikipedia.org/wiki/Iris_D%C3%A1vila,Cuba
Sonia Díaz Corrales,https://es.wikipedia.org/wiki/Sonia_D%C3%ADaz_Corrales,Cuba
Esther Díaz Llanillo,https://es.wikipedia.org/wiki/Esther_D%C3%ADaz_Llanillo,Cuba
Laidi Fernández de Juan,https://es.wikipedia.org/wiki/Laidi_Fern%C3%A1ndez_de_Juan,Cuba
Mylene Fernández Pintado,https://es.wikipedia.org/wiki/Mylene_Fern%C3%A1ndez_Pintado,Cuba
Olga Fernández,https://es.wikipedia.org/wiki/Olga_Fern%C3%A1ndez,Cuba
Carolina Garcia-Aguilera,https://es.wikipedia.org/wiki/Carolina_Garcia-Aguilera,Cuba
Fina García Marruz,https://es.wikipedia.org/wiki/Fina_Garc%C3%ADa_Marruz,Cuba
Gabriela Guerra Rey,https://es.wikipedia.org/wiki/Gabriela_Guerra_Rey,Cuba
Wendy Guerra,https://es.wikipedia.org/wiki/Wendy_Guerra,Cuba
María Elena Llana,https://es.wikipedia.org/wiki/Mar%C3%ADa_Elena_Llana,Cuba
Dulce María Loynaz,https://es.wikipedia.org/wiki/Dulce_Mar%C3%ADa_Loynaz,Cuba
Jamila Medina Ríos,https://es.wikipedia.org/wiki/Jamila_Medina_R%C3%ADos,Cuba
Sarah Méndez Capote,https://es.wikipedia.org/wiki/Sarah_M%C3%A9ndez_Capote,Cuba
Renée Méndez-Capote,https://es.wikipedia.org/wiki/Ren%C3%A9e_M%C3%A9ndez-Capote,Cuba
Nancy Morejón,https://es.wikipedia.org/wiki/Nancy_Morej%C3%B3n,Cuba
Serafina Núñez,https://es.wikipedia.org/wiki/Serafina_N%C3%BA%C3%B1ez,Cuba
Achy Obejas,https://es.wikipedia.org/wiki/Achy_Obejas,Cuba
Carilda Oliver Labra,https://es.wikipedia.org/wiki/Carilda_Oliver_Labra,Cuba
Isabel Margarita Ordetx,https://es.wikipedia.org/wiki/Isabel_Margarita_Ordetx,Cuba
Gina Picart,https://es.wikipedia.org/wiki/Gina_Picart,Cuba
Graziella Pogolotti,https://es.wikipedia.org/wiki/Graziella_Pogolotti,Cuba
Ena Lucía Portela,https://es.wikipedia.org/wiki/Ena_Luc%C3%ADa_Portela,Cuba
Sonia Rivera-Valdés,https://es.wikipedia.org/wiki/Sonia_Rivera-Vald%C3%A9s,Cuba
Ofelia Rodríguez Acosta,https://es.wikipedia.org/wiki/Ofelia_Rodr%C3%ADguez_Acosta,Cuba
Nieves Rodríguez Gómez,https://es.wikipedia.org/wiki/Nieves_Rodr%C3%ADguez_G%C3%B3mez,Cuba
Coralia Rodríguez,https://es.wikipedia.org/wiki/Coralia_Rodr%C3%ADguez,Cuba
Marta Rojas,https://es.wikipedia.org/wiki/Marta_Rojas,Cuba
Emma Romeu,https://es.wikipedia.org/wiki/Emma_Romeu,Cuba
Mariblanca Sabas Alomá,https://es.wikipedia.org/wiki/Mariblanca_Sabas_Alom%C3%A1,Cuba
Lesbia Soravilla,https://es.wikipedia.org/wiki/Lesbia_Soravilla,Cuba
Karla Suárez,https://es.wikipedia.org/wiki/Karla_Su%C3%A1rez,Cuba
Évora Tamayo,https://es.wikipedia.org/wiki/%C3%89vora_Tamayo,Cuba
Mariana Lidia Torres Pérez,https://es.wikipedia.org/wiki/Mariana_Lidia_Torres_P%C3%A9rez,Cuba
Zoé Valdés,https://es.wikipedia.org/wiki/Zo%C3%A9_Vald%C3%A9s,Cuba
Anna Lidia Vega Serova,https://es.wikipedia.org/wiki/Anna_Lidia_Vega_Serova,Cuba
Maité Vera,https://es.wikipedia.org/wiki/Mait%C3%A9_Vera,Cuba
Mirta Yáñez,https://es.wikipedia.org/wiki/Mirta_Y%C3%A1%C3%B1ez,Cuba
Ada Zayas-Bazán,https://es.wikipedia.org/wiki/Ada_Zayas-Baz%C3%A1n,Cuba
Carmina Benguría,https://es.wikipedia.org/wiki/Carmina_Bengur%C3%ADa,Cuba
Jane Durán,https://es.wikipedia.org/wiki/Jane_Dur%C3%A1n,Cuba
Ángela de Mela,https://es.wikipedia.org/wiki/%C3%81ngela_de_Mela,Cuba
Daura Olema,https://es.wikipedia.org/wiki/Daura_Olema,Cuba
Mireya Robles,https://es.wikipedia.org/wiki/Mireya_Robles,Cuba
Nivaria Tejera,https://es.wikipedia.org/wiki/Nivaria_Tejera,Cuba
Dora Varona,https://es.wikipedia.org/wiki/Dora_Varona,Cuba
Claudia Hernández,https://es.wikipedia.org/wiki/Claudia_Hern%C3%A1ndez,El Salvador
Irma Lanzas,https://es.wikipedia.org/wiki/Irma_Lanzas,El Salvador
Nora Méndez,https://es.wikipedia.org/wiki/Nora_M%C3%A9ndez,El Salvador
Rhina Toruño,https://es.wikipedia.org/wiki/Rhina_Toru%C3%B1o,El Salvador
Angelina Acuña,https://es.wikipedia.org/wiki/Angelina_Acu%C3%B1a,Guatemala
Romelia Alarcón Folgar,https://es.wikipedia.org/wiki/Romelia_Alarc%C3%B3n_Folgar,Guatemala
Teresa Bolaños de Zarco,https://es.wikipedia.org/wiki/Teresa_Bola%C3%B1os_de_Zarco,Guatemala
Margarita Carrera,https://es.wikipedia.org/wiki/Margarita_Carrera,Guatemala
Samara de Córdova,https://es.wikipedia.org/wiki/Samara_de_C%C3%B3rdova,Guatemala
Carolina Escobar Sarti,https://es.wikipedia.org/wiki/Carolina_Escobar_Sarti,Guatemala
Alaíde Foppa,https://es.wikipedia.org/wiki/Ala%C3%ADde_Foppa,Guatemala
Elisa Hall de Asturias,https://es.wikipedia.org/wiki/Elisa_Hall_de_Asturias,Guatemala
Alcina Lubitch Domecq,https://es.wikipedia.org/wiki/Alcina_Lubitch_Domecq,Guatemala
María del Rosario Molina,https://es.wikipedia.org/wiki/Mar%C3%ADa_del_Rosario_Molina,Guatemala
Carmen Matute,https://es.wikipedia.org/wiki/Carmen_Matute,Guatemala
Luz Méndez de la Vega,https://es.wikipedia.org/wiki/Luz_M%C3%A9ndez_de_la_Vega,Guatemala
Dina Posada,https://es.wikipedia.org/wiki/Dina_Posada,Guatemala
Ana María Rodas,https://es.wikipedia.org/wiki/Ana_Mar%C3%ADa_Rodas,Guatemala
Circe Rodríguez,https://es.wikipedia.org/wiki/Circe_Rodr%C3%ADguez,Guatemala
Isabel de los Ángeles Ruano,https://es.wikipedia.org/wiki/Isabel_de_los_%C3%81ngeles_Ruano,Guatemala
Vania Vargas,https://es.wikipedia.org/wiki/Vania_Vargas,Guatemala
Carol Zardetto,https://es.wikipedia.org/wiki/Carol_Zardetto,Guatemala
Mahadai Das,https://es.wikipedia.org/wiki/Mahadai_Das,Guyana
Sharon Maas,https://es.wikipedia.org/wiki/Sharon_Maas,Guyana
Daniela Alcívar Bellolio,https://es.wikipedia.org/wiki/Daniela_Alc%C3%ADvar_Bellolio,Ecuador
Gabriela Alemán,https://es.wikipedia.org/wiki/Gabriela_Alem%C3%A1n,Ecuador
Rosa Amelia Alvarado,https://es.wikipedia.org/wiki/Rosa_Amelia_Alvarado,Ecuador
María Fernanda Ampuero,https://es.wikipedia.org/wiki/Mar%C3%ADa_Fernanda_Ampuero,Ecuador
Sandra Araya,https://es.wikipedia.org/wiki/Sandra_Araya,Ecuador
Rosalía Arteaga,https://es.wikipedia.org/wiki/Rosal%C3%ADa_Arteaga,Ecuador
María Auxiliadora Balladares,https://es.wikipedia.org/wiki/Mar%C3%ADa_Auxiliadora_Balladares,Ecuador
Verónica Bonilla,https://es.wikipedia.org/wiki/Ver%C3%B3nica_Bonilla,Ecuador
Luz Elisa Borja,https://es.wikipedia.org/wiki/Luz_Elisa_Borja,Ecuador
Leonor Bravo Velásquez,https://es.wikipedia.org/wiki/Leonor_Bravo_Vel%C3%A1squez,Ecuador
María Paulina Briones,https://es.wikipedia.org/wiki/Mar%C3%ADa_Paulina_Briones,Ecuador
Aminta Buenaño,https://es.wikipedia.org/wiki/Aminta_Buena%C3%B1o,Ecuador
Zoila María Castro,https://es.wikipedia.org/wiki/Zoila_Mar%C3%ADa_Castro,Ecuador
Luz Argentina Chiriboga,https://es.wikipedia.org/wiki/Luz_Argentina_Chiriboga,Ecuador
Maritza Cino,https://es.wikipedia.org/wiki/Maritza_Cino,Ecuador
Viviana Cordero,https://es.wikipedia.org/wiki/Viviana_Cordero,Ecuador
Andrea Crespo,https://es.wikipedia.org/wiki/Andrea_Crespo,Ecuador
Teresa Crespo,https://es.wikipedia.org/wiki/Teresa_Crespo,Ecuador
Jacqueline Costales,https://es.wikipedia.org/wiki/Jacqueline_Costales,Ecuador
Josefina Egas Montalvo,https://es.wikipedia.org/wiki/Josefina_Egas_Montalvo,Ecuador
Ileana Espinel,https://es.wikipedia.org/wiki/Ileana_Espinel,Ecuador
Aurora Estrada y Ayala,https://es.wikipedia.org/wiki/Aurora_Estrada_y_Ayala,Ecuador
Angélica Flores Zambrano,https://es.wikipedia.org/wiki/Ang%C3%A9lica_Flores_Zambrano,Ecuador
Karina Gálvez,https://es.wikipedia.org/wiki/Karina_G%C3%A1lvez,Ecuador
Yanna Hadatty,https://es.wikipedia.org/wiki/Yanna_Hadatty,Ecuador
María Fernanda Heredia,https://es.wikipedia.org/wiki/Mar%C3%ADa_Fernanda_Heredia,Ecuador
Gilda Holst,https://es.wikipedia.org/wiki/Gilda_Holst,Ecuador
Edna Iturralde,https://es.wikipedia.org/wiki/Edna_Iturralde,Ecuador
Piedad Larrea Borja,https://es.wikipedia.org/wiki/Piedad_Larrea_Borja,Ecuador
Margarita Laso,https://es.wikipedia.org/wiki/Margarita_Laso,Ecuador
Fanny León Cordero,https://es.wikipedia.org/wiki/Fanny_Le%C3%B3n_Cordero,Ecuador
Leticia Loor,https://es.wikipedia.org/wiki/Leticia_Loor,Ecuador
Violeta Luna,https://es.wikipedia.org/wiki/Violeta_Luna,Ecuador
Lucrecia Maldonado,https://es.wikipedia.org/wiki/Lucrecia_Maldonado,Ecuador
Sonia Manzano,https://es.wikipedia.org/wiki/Sonia_Manzano,Ecuador
Nela Martínez,https://es.wikipedia.org/wiki/Nela_Mart%C3%ADnez,Ecuador
Juana Neira,https://es.wikipedia.org/wiki/Juana_Neira,Ecuador
Morayma Ofir Carvajal,https://es.wikipedia.org/wiki/Morayma_Ofir_Carvajal,Ecuador
Mónica Ojeda,https://es.wikipedia.org/wiki/M%C3%B3nica_Ojeda,Ecuador
Gabriela Ponce,https://es.wikipedia.org/wiki/Gabriela_Ponce,Ecuador
Kristel Ralston,https://es.wikipedia.org/wiki/Kristel_Ralston,Ecuador
Marcela Ribadeneira,https://es.wikipedia.org/wiki/Marcela_Ribadeneira,Ecuador
Solange Rodríguez,https://es.wikipedia.org/wiki/Solange_Rodr%C3%ADguez,Ecuador
Gabriela Ruiz Agila,https://es.wikipedia.org/wiki/Gabriela_Ruiz_Agila,Ecuador
Lupe Rumazo,https://es.wikipedia.org/wiki/Lupe_Rumazo,Ecuador
Natasha Salguero,https://es.wikipedia.org/wiki/Natasha_Salguero,Ecuador
María Clara Sharupi Jua,https://es.wikipedia.org/wiki/Mar%C3%ADa_Clara_Sharupi_Jua,Ecuador
Catalina Sojos,https://es.wikipedia.org/wiki/Catalina_Sojos,Ecuador
Sara Vanegas Coveña,https://es.wikipedia.org/wiki/Sara_Vanegas_Cove%C3%B1a,Ecuador
Mónica Varea Maldonado,https://es.wikipedia.org/wiki/M%C3%B3nica_Varea_Maldonado,Ecuador
Raquel Verdesoto,https://es.wikipedia.org/wiki/Raquel_Verdesoto,Ecuador
Eugenia Viteri,https://es.wikipedia.org/wiki/Eugenia_Viteri,Ecuador
Alicia Yánez Cossío,https://es.wikipedia.org/wiki/Alicia_Y%C3%A1nez_Coss%C3%ADo,Ecuador
Carmen Acevedo Vega,https://es.wikipedia.org/wiki/Carmen_Acevedo_Vega,Ecuador
Dina Beltrán,https://es.wikipedia.org/wiki/Dina_Beltr%C3%A1n,Ecuador
Ana Cecilia Blum,https://es.wikipedia.org/wiki/Ana_Cecilia_Blum,Ecuador
Siomara España,https://es.wikipedia.org/wiki/Siomara_Espa%C3%B1a,Ecuador
María Fernanda Espinosa,https://es.wikipedia.org/wiki/Mar%C3%ADa_Fernanda_Espinosa,Ecuador
Carmen Inés Perdomo,https://es.wikipedia.org/wiki/Carmen_In%C3%A9s_Perdomo,Ecuador
Aleyda Quevedo,https://es.wikipedia.org/wiki/Aleyda_Quevedo,Ecuador
Cristina Reyes,https://es.wikipedia.org/wiki/Cristina_Reyes,Ecuador
Carmen Váscones,https://es.wikipedia.org/wiki/Carmen_V%C3%A1scones,Ecuador
Isabel Agatón Santander,https://es.wikipedia.org/wiki/Isabel_Agat%C3%B3n_Santander,Colombia
Alejandra Jaramillo Morales,https://es.wikipedia.org/wiki/Alejandra_Jaramillo_Morales,Colombia
Carolina Andújar,https://es.wikipedia.org/wiki/Carolina_And%C3%BAjar,Colombia
Albalucía Ángel,https://es.wikipedia.org/wiki/Albaluc%C3%ADa_%C3%81ngel,Colombia
Clara Mercedes Arango,https://es.wikipedia.org/wiki/Clara_Mercedes_Arango,Colombia
Helena Araújo,https://es.wikipedia.org/wiki/Helena_Ara%C3%BAjo,Colombia
Gabriela A. Arciniegas,https://es.wikipedia.org/wiki/Gabriela_A._Arciniegas,Colombia
Patricia Ariza,https://es.wikipedia.org/wiki/Patricia_Ariza,Colombia
Emilia Ayarza de Herrera,https://es.wikipedia.org/wiki/Emilia_Ayarza_de_Herrera,Colombia
Ángela Becerra,https://es.wikipedia.org/wiki/%C3%81ngela_Becerra,Colombia
Olga Behar,https://es.wikipedia.org/wiki/Olga_Behar,Colombia
Piedad Bonnett,https://es.wikipedia.org/wiki/Piedad_Bonnett,Colombia
Margarita Borrero Blanco,https://es.wikipedia.org/wiki/Margarita_Borrero_Blanco,Colombia
Fanny Buitrago,https://es.wikipedia.org/wiki/Fanny_Buitrago,Colombia
Alexandra Cardona Restrepo,https://es.wikipedia.org/wiki/Alexandra_Cardona_Restrepo,Colombia
María Mercedes Carranza,https://es.wikipedia.org/wiki/Mar%C3%ADa_Mercedes_Carranza,Colombia
Dora Castellanos,https://es.wikipedia.org/wiki/Dora_Castellanos,Colombia
Susana Castellanos De Zubiría,https://es.wikipedia.org/wiki/Susana_Castellanos_De_Zubir%C3%ADa,Colombia
María Castilla,https://es.wikipedia.org/wiki/Mar%C3%ADa_Castilla,Colombia
Leila Cobo,https://es.wikipedia.org/wiki/Leila_Cobo,Colombia
Andrea Cote Botero,https://es.wikipedia.org/wiki/Andrea_Cote_Botero,Colombia
Guiomar Cuesta,https://es.wikipedia.org/wiki/Guiomar_Cuesta,Colombia
Mariela del Nilo,https://es.wikipedia.org/wiki/Mariela_del_Nilo,Colombia
Melba Escobar,https://es.wikipedia.org/wiki/Melba_Escobar,Colombia
Matilde Espinosa,https://es.wikipedia.org/wiki/Matilde_Espinosa,Colombia
Lucía Estrada,https://es.wikipedia.org/wiki/Luc%C3%ADa_Estrada,Colombia
Luz Helena Cordero Villamizar ,https://es.wikipedia.org/wiki/Usuario:FabianOlivaresM/Taller,Colombia
Silvia Galvis,https://es.wikipedia.org/wiki/Silvia_Galvis,Colombia
Margarita García Robayo,https://es.wikipedia.org/wiki/Margarita_Garc%C3%ADa_Robayo,Colombia
Mary Grueso,https://es.wikipedia.org/wiki/Mary_Grueso,Colombia
Paola Guevara,https://es.wikipedia.org/wiki/Paola_Guevara,Colombia
Irene Vasco,https://es.wikipedia.org/wiki/Irene_Vasco,Colombia
Ana María Jaramillo,https://es.wikipedia.org/wiki/Ana_Mar%C3%ADa_Jaramillo,Colombia
Patricia Lara Salive,https://es.wikipedia.org/wiki/Patricia_Lara_Salive,Colombia
Isabel Lleras,https://es.wikipedia.org/wiki/Isabel_Lleras,Colombia
Orietta Lozano,https://es.wikipedia.org/wiki/Orietta_Lozano,Colombia
Luz Helena Cordero Villamizar,https://es.wikipedia.org/wiki/Luz_Helena_Cordero_Villamizar,Colombia
Marta Cecilia Vélez Saldarriaga,https://es.wikipedia.org/wiki/Margarita_Mej%C3%ADa,Colombia
Teresa Martínez de Varela,https://es.wikipedia.org/wiki/Teresa_Mart%C3%ADnez_de_Varela,Colombia
Olga Elena Mattei,https://es.wikipedia.org/wiki/Olga_Elena_Mattei,Colombia
Lauren Mendinueta,https://es.wikipedia.org/wiki/Lauren_Mendinueta,Colombia
Marvel Moreno,https://es.wikipedia.org/wiki/Marvel_Moreno,Colombia
Helena Ospina de Fonseca,https://es.wikipedia.org/wiki/Helena_Ospina_de_Fonseca,Colombia
Elisa Mújica,https://es.wikipedia.org/wiki/Elisa_M%C3%BAjica,Colombia
Marta Lucía Orrantia,https://es.wikipedia.org/wiki/Marta_Luc%C3%ADa_Orrantia,Colombia
Amparo Osorio,https://es.wikipedia.org/wiki/Amparo_Osorio,Colombia
Sofía Ospina de Navarro,https://es.wikipedia.org/wiki/Sof%C3%ADa_Ospina_de_Navarro,Colombia
Gertrudis Peñuela,https://es.wikipedia.org/wiki/Gertrudis_Pe%C3%B1uela,Colombia
Judith Porto de González,https://es.wikipedia.org/wiki/Judith_Porto_de_Gonz%C3%A1lez,Colombia
Pilar Quintana,https://es.wikipedia.org/wiki/Pilar_Quintana,Colombia
Elvira Alejandra Quintero,https://es.wikipedia.org/wiki/Elvira_Alejandra_Quintero,Colombia
Sofía Buchuck Gil,https://es.wikipedia.org/wiki/Sof%C3%ADa_Buchuck_Gil,Perú
Mercedes Cabello de Carbonera,https://es.wikipedia.org/wiki/Mercedes_Cabello_de_Carbonera,Perú
Aurora Cáceres Moreno,https://es.wikipedia.org/wiki/Aurora_C%C3%A1ceres_Moreno,Perú
Gloria Cáceres Vargas,https://es.wikipedia.org/wiki/Gloria_C%C3%A1ceres_Vargas,Perú
Nilda Callañaupa Álvarez,https://es.wikipedia.org/wiki/Nilda_Calla%C3%B1aupa_%C3%81lvarez,Perú
Rocío Caravedo,https://es.wikipedia.org/wiki/Roc%C3%ADo_Caravedo,Perú
Cota Carvallo,https://es.wikipedia.org/wiki/Cota_Carvallo,Perú
Esther Castañeda,https://es.wikipedia.org/wiki/Cota_Carvallo,Perú
Rosa Cerna Guardia,https://es.wikipedia.org/wiki/Rosa_Cerna_Guardia,Perú
Micaela Chirif,https://es.wikipedia.org/wiki/Micaela_Chirif,Perú
Magdalena Chocano,https://es.wikipedia.org/wiki/Magdalena_Chocano,Perú
Roxana Crisólogo Correa,https://es.wikipedia.org/wiki/Roxana_Cris%C3%B3logo_Correa,Perú
Rossella Di Paolo,https://es.wikipedia.org/wiki/Rossella_Di_Paolo,Perú
Rossana Díaz Costa,https://es.wikipedia.org/wiki/Rossana_D%C3%ADaz_Costa,Perú
Pilar Dughi,https://es.wikipedia.org/wiki/Pilar_Dughi,Perú
Julia Ferrer,https://es.wikipedia.org/wiki/Julia_Ferrer,Perú
Carolina Freyre,https://es.wikipedia.org/wiki/Carolina_Freyre,Perú
Mercedes Gallagher,https://es.wikipedia.org/wiki/Mercedes_Gallagher,Perú
Gloria Cáceres Vargas,https://es.wikipedia.org/wiki/Gloria_C%C3%A1ceres_Vargas,Perú
Victoria Guerrero Peirano,https://es.wikipedia.org/wiki/Victoria_Guerrero_Peirano,Perú
Teresa María Llona,https://es.wikipedia.org/wiki/Teresa_Mar%C3%ADa_Llona,Perú
Rosa Macedo,https://es.wikipedia.org/wiki/Rosa_Macedo,Perú
Yolanda Reyes,https://es.wikipedia.org/wiki/Yolanda_Reyes,Colombia
Beatriz Helena Robledo,https://es.wikipedia.org/wiki/Beatriz_Helena_Robledo,Colombia
Flor Romero,https://es.wikipedia.org/wiki/Flor_Romero,Colombia
Amira de la Rosa,https://es.wikipedia.org/wiki/Amira_de_la_Rosa,Colombia
Claudia Rueda,https://es.wikipedia.org/wiki/Claudia_Rueda,Colombia
María Paz Ruiz Gil,https://es.wikipedia.org/wiki/Mar%C3%ADa_Paz_Ruiz_Gil,Colombia
Clemencia Sánchez,https://es.wikipedia.org/wiki/Clemencia_S%C3%A1nchez,Colombia
Carolina Sanín,https://es.wikipedia.org/wiki/Carolina_San%C3%ADn,Colombia
Anabel Torres,https://es.wikipedia.org/wiki/Anabel_Torres,Colombia
Fennys Tovar,https://es.wikipedia.org/wiki/Fennys_Tovar,Colombia
Consuelo Triviño Anzola,https://es.wikipedia.org/wiki/Consuelo_Trivi%C3%B1o_Anzola,Colombia
María Helena Uribe de Estrada,https://es.wikipedia.org/wiki/Mar%C3%ADa_Helena_Uribe_de_Estrada,Colombia
Beatriz Vanegas Athías,https://es.wikipedia.org/wiki/Beatriz_Vanegas_Ath%C3%ADas,Colombia
Michelle Yazar,https://es.wikipedia.org/wiki/Michelle_Yazar,Colombia
Celmira Zuluaga Aparicio,https://es.wikipedia.org/wiki/Celmira_Zuluaga_Aparicio,Colombia
Meira Delmar,https://es.wikipedia.org/wiki/Meira_Delmar,Colombia
Consuelo Hernández,https://es.wikipedia.org/wiki/Consuelo_Hern%C3%A1ndez,Colombia
Lucía Javier,https://es.wikipedia.org/wiki/Luc%C3%ADa_Javier,Colombia
Dolly Mejía,https://es.wikipedia.org/wiki/Dolly_Mej%C3%ADa,Colombia
Carmiña Navia Velasco,https://es.wikipedia.org/wiki/Carmi%C3%B1a_Navia_Velasco,Colombia
Lucrecia Panchano,https://es.wikipedia.org/wiki/Lucrecia_Panchano,Colombia
Jhoana Patiño,https://es.wikipedia.org/wiki/Jhoana_Pati%C3%B1o,Colombia
Gloria Posada,https://es.wikipedia.org/wiki/Gloria_Posada,Colombia
Maki Miró Quesada,https://es.wikipedia.org/wiki/Maki_Mir%C3%B3_Quesada,Perú
Adela Montesinos,https://es.wikipedia.org/wiki/Adela_Montesinos,Perú
Doris Moromisato,https://es.wikipedia.org/wiki/Doris_Moromisato,Perú
Silvia Núñez del Arco,https://es.wikipedia.org/wiki/Silvia_N%C3%BA%C3%B1ez_del_Arco,Perú
Carmen Ollé,https://es.wikipedia.org/wiki/Carmen_Oll%C3%A9,Perú
Karina Pacheco,https://es.wikipedia.org/wiki/Karina_Pacheco,Perú
Giovanna Pollarolo,https://es.wikipedia.org/wiki/Giovanna_Pollarolo,Perú
Elena Portocarrero,https://es.wikipedia.org/wiki/Elena_Portocarrero,Perú
Rosa del Carpio,https://es.wikipedia.org/wiki/Rosa_del_Carpio,Perú
María Cristina Ribal,https://es.wikipedia.org/wiki/Mar%C3%ADa_Cristina_Ribal,Perú
Dalmacia Ruiz-Rosas Sahomod,https://es.wikipedia.org/wiki/Dalmacia_Ruiz-Rosas_Sahomod,Perú
Isabel Sabogal,https://es.wikipedia.org/wiki/Isabel_Sabogal,Perú
Mariella Sala,https://es.wikipedia.org/wiki/Mariella_Sala,Perú
Rocío Silva-Santisteban,https://es.wikipedia.org/wiki/Roc%C3%ADo_Silva-Santisteban,Perú
Patricia de Souza,https://es.wikipedia.org/wiki/Patricia_de_Souza,Perú
Claudia Ulloa,https://es.wikipedia.org/wiki/Claudia_Ulloa,Perú
Ana Varela Tafur,https://es.wikipedia.org/wiki/Ana_Varela_Tafur,Perú
Blanca Varela,https://es.wikipedia.org/wiki/Blanca_Varela,Perú
Manuela Villarán de Plasencia,https://es.wikipedia.org/wiki/Manuela_Villar%C3%A1n_de_Plasencia,Perú
Gabriela Wiener,https://es.wikipedia.org/wiki/Gabriela_Wiener,Perú
María Wiesse,https://es.wikipedia.org/wiki/Mar%C3%ADa_Wiesse,Perú
Violeta Barrientos,https://es.wikipedia.org/wiki/Violeta_Barrientos,Perú
Mónica Carrillo Zegarra,https://es.wikipedia.org/wiki/M%C3%B3nica_Carrillo_Zegarra,Perú
Gladys Conde,https://es.wikipedia.org/wiki/Gladys_Conde,Perú
Tilsa Otta,https://es.wikipedia.org/wiki/Tilsa_Otta,Perú
Blanca del Prado,https://es.wikipedia.org/wiki/Blanca_del_Prado_(poetisa),Perú
Delfina Acosta,https://es.wikipedia.org/wiki/Delfina_Acosta,Paraguay
María Luisa Artecona de Thompson,https://es.wikipedia.org/wiki/Mar%C3%ADa_Luisa_Artecona_de_Thompson,Paraguay
Chiquita Barreto,https://es.wikipedia.org/wiki/Chiquita_Barreto,Paraguay
Mónica Bustos,https://es.wikipedia.org/wiki/M%C3%B3nica_Bustos,Paraguay
Gladys Carmagnola,https://es.wikipedia.org/wiki/Gladys_Carmagnola,Paraguay
Renée Checa,https://es.wikipedia.org/wiki/Ren%C3%A9e_Checa,Paraguay
Mabel Coronel Cuenca,https://es.wikipedia.org/wiki/Mabel_Coronel_Cuenca,Paraguay
Susy Delgado,https://es.wikipedia.org/wiki/Susy_Delgado,Paraguay
Lourdes Espínola,https://es.wikipedia.org/wiki/Lourdes_Esp%C3%ADnola,Paraguay
Dora Gómez Bueno de Acuña,https://es.wikipedia.org/wiki/Dora_G%C3%B3mez_Bueno_de_Acu%C3%B1a,Paraguay
Marta Meyer de Landó,https://es.wikipedia.org/wiki/Marta_Meyer_de_Land%C3%B3,Paraguay
Faith Wilding,https://es.wikipedia.org/wiki/Faith_Wilding,Paraguay
Luisita Aguilera Patiño,https://es.wikipedia.org/wiki/Luisita_Aguilera_Pati%C3%B1o,Panama
Elsie Alvarado de Ricord,https://es.wikipedia.org/wiki/Elsie_Alvarado_de_Ricord,Panama
Patricia Alvarado Núñez,https://es.wikipedia.org/wiki/Patricia_Alvarado_N%C3%BA%C3%B1ez,Panama
Martina Andrión,https://es.wikipedia.org/wiki/Martina_Andri%C3%B3n,Panama
Giovanna Benedetti,https://es.wikipedia.org/wiki/Giovanna_Benedetti,Panama
Rosa María Britton,https://es.wikipedia.org/wiki/Rosa_Mar%C3%ADa_Britton,Panama
Danae Brugiati,https://es.wikipedia.org/wiki/Danae_Brugiati,Panama
Berna Burell,https://es.wikipedia.org/wiki/Berna_Burell,Panama
Yolanda Camarano de Sucre,https://es.wikipedia.org/wiki/Yolanda_Camarano_de_Sucre,Panama
Lucy Chau,https://es.wikipedia.org/wiki/Lucy_Chau,Panama
Hena González de Zachrisson,https://es.wikipedia.org/wiki/Hena_Gonz%C3%A1lez_de_Zachrisson,Panama
Lil María Herrera,https://es.wikipedia.org/wiki/Lil_Mar%C3%ADa_Herrera,Panama
Isis Tejeira,https://es.wikipedia.org/wiki/Isis_Tejeira,Panama
Cheri Lewis,https://es.wikipedia.org/wiki/Cheri_Lewis,Panama
Griselda López,https://es.wikipedia.org/wiki/Griselda_L%C3%B3pez,Panama
Lili Mendoza,https://es.wikipedia.org/wiki/Lili_Mendoza,Panama
Annabel Miguelena,https://es.wikipedia.org/wiki/Annabel_Miguelena,Panama
Diana Morán Garay,https://es.wikipedia.org/wiki/Diana_Mor%C3%A1n_Garay,Panama
Raquel Muñoz de Franco,https://es.wikipedia.org/wiki/Raquel_Mu%C3%B1oz_de_Franco,Panama
Moravia Ochoa López,https://es.wikipedia.org/wiki/Moravia_Ochoa_L%C3%B3pez,Panama
Esther María Osses,https://es.wikipedia.org/wiki/Esther_Mar%C3%ADa_Osses,Panama
Dora Pérez de Zárate,https://es.wikipedia.org/wiki/Dora_P%C3%A9rez_de_Z%C3%A1rate,Panama
Hersilia Ramos de Argote,https://es.wikipedia.org/wiki/Hersilia_Ramos_de_Argote,Panama
Matilde Real de González,https://es.wikipedia.org/wiki/Matilde_Real_de_Gonz%C3%A1lez,Panama
Sofía Santim,https://es.wikipedia.org/wiki/Sof%C3%ADa_Santim,Panama
Acracia Sarasqueta,https://es.wikipedia.org/wiki/Acracia_Sarasqueta,Panama
Stella Sierra,https://es.wikipedia.org/wiki/Stella_Sierra,Panama
Rosa María Tapia Cedeño,https://es.wikipedia.org/wiki/Rosa_Mar%C3%ADa_Tapia_Cede%C3%B1o,Panama
Tilsia Perigault,https://es.wikipedia.org/wiki/Tilsia_Perigault,Panama
Consuelo Tomás,https://es.wikipedia.org/wiki/Consuelo_Tom%C3%A1s,Panama
Beatriz Valdés Escoffery,https://es.wikipedia.org/wiki/Beatriz_Vald%C3%A9s_Escoffery,Panama
Claribel Alegría,https://es.wikipedia.org/wiki/Claribel_Alegr%C3%ADa,Nicaragua
Gioconda Belli,https://es.wikipedia.org/wiki/Gioconda_Belli,Nicaragua
Yolanda Blanco,https://es.wikipedia.org/wiki/Yolanda_Blanco,Nicaragua
Gloria Elena Espinoza de Tercero,https://es.wikipedia.org/wiki/Gloria_Elena_Espinoza_de_Tercero,Nicaragua
Gloria Guardia,https://es.wikipedia.org/wiki/Gloria_Guardia,Nicaragua
Isolda Hurtado,https://es.wikipedia.org/wiki/Isolda_Hurtado,Nicaragua
Vidaluz Meneses,https://es.wikipedia.org/wiki/Vidaluz_Meneses,Nicaragua
Rosario Murillo,https://es.wikipedia.org/wiki/Rosario_Murillo,Nicaragua
Michelle Najlis,https://es.wikipedia.org/wiki/Michelle_Najlis,Nicaragua
Milagros Palma,https://es.wikipedia.org/wiki/Milagros_Palma,Nicaragua
María del Carmen Pérez Cuadra,https://es.wikipedia.org/wiki/Mar%C3%ADa_del_Carmen_P%C3%A9rez_Cuadra,Nicaragua
Irma Prego,https://es.wikipedia.org/wiki/Irma_Prego,Nicaragua
Rosa Inés,https://es.wikipedia.org/wiki/Rosa_In%C3%A9s,Nicaragua
Rosario Aguilar,https://es.wikipedia.org/wiki/Rosario_Aguilar,Nicaragua
María Teresa Sánchez,https://es.wikipedia.org/wiki/Mar%C3%ADa_Teresa_S%C3%A1nchez,Nicaragua
Eunice Shade,https://es.wikipedia.org/wiki/Eunice_Shade,Nicaragua
Arlen Siu,https://es.wikipedia.org/wiki/Arlen_Siu,Nicaragua
Daisy Zamora,https://es.wikipedia.org/wiki/Daisy_Zamora,Nicaragua
Nicole Dennis-Benn,https://es.wikipedia.org/wiki/Nicole_Dennis-Benn,Nicaragua
Makeda Silvera,https://es.wikipedia.org/wiki/Makeda_Silvera,Nicaragua
Ana María Alemán,https://es.wikipedia.org/wiki/Ana_Mar%C3%ADa_Alem%C3%A1n,Honduras
Soledad Altamirano Murillo,https://es.wikipedia.org/wiki/Soledad_Altamirano_Murillo,Honduras
Victoria Bertrand,https://es.wikipedia.org/wiki/Victoria_Bertrand,Honduras
Elvia Castañeda,https://es.wikipedia.org/wiki/Elvia_Casta%C3%B1eda,Honduras
Amanda Castro,https://es.wikipedia.org/wiki/Amanda_Castro,Honduras
Argentina Díaz Lozano,https://es.wikipedia.org/wiki/Argentina_D%C3%ADaz_Lozano,Honduras
Lety Elvir,https://es.wikipedia.org/wiki/Lety_Elvir,Honduras
María de los Ángeles López Alfaro,https://es.wikipedia.org/wiki/Mar%C3%ADa_de_los_%C3%81ngeles_L%C3%B3pez_Alfaro,Honduras
Ana Melissa Merlo,https://es.wikipedia.org/wiki/Ana_Melissa_Merlo,Honduras
Mayra Oyuela,https://es.wikipedia.org/wiki/Mayra_Oyuela,Honduras
Juana Pavón,https://es.wikipedia.org/wiki/Juana_Pav%C3%B3n,Honduras
Marta Susana Prieto,https://es.wikipedia.org/wiki/Marta_Susana_Prieto,Honduras
Clementina Suárez,https://es.wikipedia.org/wiki/Clementina_Su%C3%A1rez,Honduras